-2.32E-05,3.41432
-2.32E-05,10.16536
-2.32E-05,17.0813
0,22.6301
-2.32E-05,27.24667
0,31.2146
2.32E-05,35.96843
2.32E-05,40.55664
4.63E-05,44.11764
6.95E-05,48.04744
6.95E-05,52.12172
9.27E-05,55.86748
1.39E-04,59.31404
1.62E-04,63.06021
1.85E-04,66.86477
2.32E-04,69.89501
2.55E-04,73.7291
2.78E-04,77.23346
3.01E-04,81.16492
3.24E-04,84.72784
3.24E-04,88.17246
3.48E-04,91.56105
3.48E-04,95.4424
3.71E-04,98.97671
3.94E-04,102.55969
3.94E-04,105.72314
4.17E-04,109.61689
4.40E-04,113.24881
4.86E-04,116.78653
5.10E-04,120.47721
5.33E-04,124.06119
5.79E-04,127.67738
6.02E-04,131.26177
6.25E-04,134.98221
6.25E-04,138.4861
6.49E-04,141.49837
6.72E-04,145.54924
7.18E-04,149.4096
7.41E-04,152.61641
7.64E-04,156.23107
7.88E-04,160.55472
8.11E-04,163.67463
8.34E-04,167.37718
8.34E-04,170.95946
8.57E-04,174.02151
9.03E-04,178.04893
9.27E-04,181.94651
9.50E-04,184.90229
9.73E-04,188.54758
9.96E-04,192.18332
0.00102,195.80001
0.00107,199.36379
0.00107,202.95663
0.00109,206.27199
0.00111,210.16042
0.00111,213.38439
0.00113,216.42819
0.00116,220.07639
0.00118,223.44095
0.0012,227.25238
0.0012,230.67087
0.00123,234.15466
0.00123,237.30132
0.00125,240.88984
0.00125,244.33764
0.00127,247.68356
0.0013,251.15838
0.00132,254.23264
0.00134,257.79268
0.00137,261.20005
0.00139,264.43015
0.00141,267.88378
0.00144,271.34027
0.00148,274.63456
0.00151,277.81947
0.00153,281.06006
0.00153,284.04252
0.00155,287.57475
0.00158,290.76028
0.0016,293.91391
0.00162,297.36886
0.00164,300.58105
0.00164,303.729
0.00169,306.86312
0.00171,309.92998
0.00174,313.20413
0.00176,315.80484
0.00178,319.34823
0.00181,322.34108
0.00183,325.46692
0.00185,328.51513
0.00188,331.43072
0.0019,334.19737
0.00192,337.10991
0.00192,340.09353
0.00195,343.0291
0.00197,346.02944
0.00199,349.29231
0.00199,352.3053
0.00202,355.37752
0.00204,358.51438
0.00204,361.41088
0.00206,363.91613
0.00208,367.17965
0.00211,369.87349
0.00213,372.20411
0.00215,374.90421
0.00218,377.23879
0.0022,379.95857
0.00222,382.40626
0.00225,385.01344
0.00227,387.46135
0.00229,389.77324
0.00229,392.37879
0.00234,394.8096
0.00234,397.2111
0.00236,399.19278
0.00239,401.31466
0.00239,403.81351
0.00241,405.93154
0.00243,408.18579
0.00246,410.27891
0.00246,412.46678
0.00248,414.69209
0.00252,416.71187
0.00255,418.89296
0.00257,420.8463
0.00259,422.69275
0.00262,424.53377
0.00264,426.98337
0.00266,428.85924
0.00269,431.03126
0.00269,432.67497
0.00271,434.65804
0.00273,436.88435
0.00276,438.54124
0.00278,440.64129
0.0028,442.50796
0.00283,444.49587
0.00287,446.35216
0.0029,448.17495
0.00292,449.82797
0.00294,451.83129
0.00299,453.66341
0.00301,455.31669
0.00303,457.13544
0.00308,458.99717
0.0031,460.67989
0.00313,462.30891
0.00315,463.96259
0.00319,466.07789
0.00321,467.75122
0.00323,469.3857
0.00326,471.06386
0.00328,472.74714
0.00333,474.33761
0.00335,476.09894
0.00337,477.7046
0.0034,479.30538
0.00342,480.74572
0.00346,482.68242
0.00349,484.14721
0.00351,485.86033
0.00353,487.51512
0.00356,489.11643
0.00358,490.66428
0.00363,492.13929
0.00365,493.55101
0.00367,495.37168
0.00372,496.52576
0.00374,497.95716
0.00379,499.5496
0.00381,501.1467
0.00386,502.60308
0.00388,503.89847
0.0039,505.31077
0.00393,506.69896
0.00395,508.05295
0.004,509.55857
0.004,510.62985
0.00407,512.253
0.00409,513.57807
0.00414,514.76274
0.00421,515.94805
0.00423,517.16623
0.00428,518.53632
0.00432,519.90137
0.00437,521.13532
0.00441,522.36419
0.00444,523.48077
0.00446,524.64091
0.00451,525.82654
0.00455,527.02653
0.00458,528.27008
0.00462,529.55795
0.00467,530.51987
0.00469,531.68041
0.00474,532.94462
0.00478,534.11592
0.00481,535.20401
0.00485,536.40472
0.0049,537.47441
0.00492,538.42089
0.00497,539.57849
0.00502,540.72644
0.00504,541.76085
0.00509,542.93823
0.00511,543.76801
0.00518,544.82967
0.00523,546.06587
0.00527,546.87745
0.00532,548.00659
0.00534,549.00243
0.00539,550.13176
0.00541,551.13746
0.00546,552.12067
0.00547,553.14599
0.00552,553.92453
0.00554,555.02799
0.00556,556.03395
0.00561,557.01755
0.00566,557.9037
0.00568,558.98787
0.00572,559.93689
0.00577,560.84279
0.00579,561.79055
0.00584,562.75513
0.00589,563.71981
0.00591,564.55065
0.00596,565.46669
0.006,566.36743
0.00605,567.21532
0.00607,568.10492
0.00612,569.04079
0.00616,569.97109
0.00619,570.92506
0.00623,571.79693
0.00628,572.65504
0.0063,573.46685
0.00635,574.40319
0.00637,575.15651
0.00642,576.093
0.00647,576.75621
0.00651,577.70665
0.00654,578.4952
0.00658,579.31883
0.0066,580.26771
0.00665,581.06794
0.00667,581.92903
0.00672,582.7294
0.00674,583.31715
0.00679,584.39108
0.00681,585.14493
0.00686,585.83813
0.00688,586.65065
0.00693,587.44164
0.00695,588.28355
0.00698,588.90669
0.00702,589.75062
0.00706,590.66886
0.0071,591.40547
0.00715,592.06986
0.00717,592.99021
0.0072,593.85787
0.00727,594.5831
0.00729,595.23002
0.00734,595.95334
0.00736,596.59056
0.00738,597.4037
0.00743,598.03924
0.00745,598.82314
0.00748,599.61303
0.00752,600.32096
0.00754,601.19294
0.00759,601.77011
0.00761,602.55421
0.00766,603.24878
0.00768,604.08184
0.00771,604.8134
0.00775,605.44349
0.00778,606.09693
0.0078,606.96925
0.00782,607.39189
0.00787,608.33125
0.00792,609.04582
0.00794,609.69343
0.00796,610.50729
0.00801,611.14381
0.00803,611.86974
0.00805,612.4588
0.0081,613.09547
0.00812,613.77261
0.00817,614.40938
0.00822,615.15379
0.00826,615.75524
0.00831,616.52912
0.00833,617.23581
0.00835,617.83128
0.00841,618.55277
0.00846,619.30734
0.00851,620.23808
0.00853,620.67105
0.00858,621.38668
0.00862,621.9103
0.00867,622.54777
0.00872,623.15594
0.00874,623.86304
0.00876,624.47232
0.00881,625.10999
0.00886,625.97281
0.0089,626.46739
0.00892,627.22362
0.00897,627.78322
0.00902,628.39181
0.00904,629.14816
0.00909,629.81559
0.00913,630.33
0.00918,631.08565
0.00923,631.66515
0.00927,632.35593
0.00932,632.82784
0.00936,633.646
0.00943,634.24808
0.00946,634.75654
0.00949,635.47696
0.00954,636.14498
0.00959,636.66616
0.00961,637.28598
0.00966,638.01293
0.00968,638.51529
0.00973,639.15419
0.00977,639.51254
0.00979,640.10314
0.00984,640.85973
0.00989,641.46945
0.00991,642.06015
0.00996,642.62098
0.00998,643.24114
0.01003,643.92943
0.01007,644.34686
0.0101,644.9735
0.01012,645.56439
0.01014,646.15531
0.01019,646.70665
0.01021,647.27803
0.01026,647.88826
0.01028,648.4793
0.01033,648.92302
0.01037,649.723
0.0104,650.13434
0.01047,650.7577
0.01048,651.43713
0.0105,651.91074
0.01055,652.47235
0.0106,653.14185
0.01062,653.64496
0.01067,654.23613
0.01069,654.63144
0.01073,655.21621
0.01078,655.71927
0.0108,656.35979
0.01085,656.92177
0.01087,657.34662
0.01092,658.04597
0.01094,658.41203
0.01099,659.08206
0.01101,659.67373
0.01106,660.06925
0.01108,660.58251
0.01108,661.16119
0.01111,661.73007
0.01115,662.31535
0.01117,662.81889
0.0112,663.3094
0.01124,663.86536
0.01127,664.46383
0.01131,665.09835
0.01136,665.43537
0.01138,665.96851
0.0114,666.41015
0.01144,666.95652
0.01147,667.64351
0.01151,668.02315
0.01154,668.43547
0.01156,668.94914
0.0116,669.49569
0.01163,669.98659
0.01167,670.54303
0.01167,671.09261
0.01172,671.4889
0.01177,672.04227
0.01181,672.56942
0.01186,673.04436
0.01191,673.57824
0.01195,674.18404
0.01198,674.50835
0.01202,675.11423
0.01204,675.67735
0.01207,676.09009
0.01211,676.69608
0.01214,677.23651
0.01218,677.65603
0.01222,678.13137
0.01227,678.60675
0.01229,679.09152
0.01234,679.50806
0.01236,679.99287
0.01238,680.47771
0.01243,680.95327
0.01248,681.51728
0.01252,682.06478
0.01254,682.52026
0.01257,682.90392
0.01261,683.48099
0.01266,683.90768
0.01268,684.39272
0.01271,684.74702
0.01275,685.21616
0.0128,685.77071
0.01285,686.13862
0.01287,686.56485
0.01292,687.23743
0.01296,687.62815
0.01301,688.29102
0.01304,688.60319
0.01307,689.03634
0.01311,689.58443
0.01318,690.02522
0.01323,690.58021
0.01325,690.92804
0.0133,691.37499
0.01337,691.84546
0.01344,692.33565
0.01346,692.79173
0.01353,693.20337
0.01358,693.62103
0.01362,694.12039
0.01367,694.48896
0.01369,695.11235
0.01375,695.4062
0.01378,695.95785
0.01382,696.29019
0.01387,696.90483
0.01391,697.23723
0.01394,697.64147
0.01401,698.1618
0.01405,698.5238
0.01408,698.98716
0.01412,699.45743
0.01417,699.87561
0.01422,700.33319
0.01424,700.78976
0.01429,701.15884
0.01433,701.70801
0.01435,702.02689
0.01442,702.40992
0.01442,702.88228
0.01448,703.29492
0.01453,703.65436
0.01455,704.11113
0.0146,704.56906
0.01465,704.98766
0.01469,705.37967
0.01474,705.96569
0.01478,706.23962
0.01481,706.65429
0.01488,707.20514
0.0149,707.52429
0.01495,707.86437
0.01499,708.33536
0.01504,708.81336
0.01509,709.20278
0.01513,709.59509
0.01519,710.02811
0.01524,710.39794
0.01526,710.97334
0.01533,711.2686
0.01535,711.64706
0.0154,712.12538
0.01542,712.41522
0.01549,712.87809
0.01552,713.37203
0.01556,713.62672
0.01561,714.10522
0.01563,714.42472
0.0157,714.85823
0.01572,715.31572
0.01575,715.61276
0.01578,716.11394
0.01583,716.54338
0.01588,716.82503
0.0159,717.25307
0.01595,717.62347
0.01599,717.95727
0.01604,718.32773
0.01606,718.72629
0.01609,719.11223
0.01615,719.56872
0.0162,720.02803
0.01622,720.36754
0.01627,720.68889
0.01629,721.11716
0.01636,721.58094
0.01639,721.96707
0.01645,722.18442
0.01649,722.56784
0.01652,722.95404
0.01656,723.48545
0.01661,723.76759
0.01663,724.02839
0.01668,724.48811
0.01675,724.95227
0.01679,725.31617
0.01682,725.6631
0.01686,725.94813
0.01691,726.39816
0.01696,726.71012
0.01698,727.00066
0.01699,727.4392
0.01706,727.76554
0.01708,728.13507
0.01713,728.53596
0.01718,728.84807
0.0172,729.19792
0.01725,729.59891
0.01732,729.95506
0.01734,730.38393
0.01739,730.7258
0.01741,731.07575
0.01745,731.38087
0.0175,731.6932
0.01755,732.17338
0.01761,732.61863
0.01763,732.85022
0.0177,733.12771
0.01772,733.58642
0.01777,733.95817
0.01782,734.21146
0.01786,734.7143
0.01791,735.11577
0.01795,735.4508
0.018,735.79308
0.01805,736.15514
0.01807,736.3375
0.01813,736.78323
0.01815,737.13354
0.0182,737.44632
0.01825,737.89743
0.01827,738.21817
0.01832,738.48164
0.01838,738.96974
0.01841,739.26815
0.01845,739.65288
0.0185,739.9461
0.01855,740.3678
0.01857,740.65902
0.01864,740.93721
0.01865,741.31742
0.0187,741.70959
0.01877,741.92857
0.01879,742.38792
0.01884,742.73076
0.01886,743.08142
0.01893,743.3796
0.01895,743.70064
0.019,744.04359
0.01905,744.36681
0.01909,744.72229
0.01914,745.18398
0.01916,745.2777
0.01918,745.57649
0.01924,745.95659
0.01927,746.31476
0.01931,746.68027
0.01934,747.00882
0.01936,747.40917
0.01941,747.75241
0.01943,747.96489
0.01948,748.41698
0.01952,748.53536
0.01955,748.91347
0.01959,749.21982
0.01962,749.52874
0.01966,749.88459
0.01968,750.18618
0.01974,750.56416
0.01979,750.85819
0.01981,751.14995
0.01986,751.46382
0.01991,751.77772
0.01993,752.04973
0.01998,752.3043
0.02,752.6852
0.02005,752.99919
0.02009,753.3652
0.02014,753.59017
0.02018,753.90674
0.0202,754.23575
0.02024,754.62165
0.02029,754.96549
0.02029,755.24266
0.02031,755.51484
0.02038,755.87355
0.02041,756.17297
0.02045,756.47982
0.02048,756.70007
0.02052,757.06636
0.02057,757.38068
0.02059,757.70248
0.02066,757.97229
0.0207,758.40553
0.02074,758.68283
0.02079,759.027
0.02081,759.31918
0.02088,759.59905
0.02088,759.76743
0.02095,760.01762
0.021,760.36191
0.02104,760.63935
0.02109,760.92426
0.02114,761.32808
0.02117,761.57586
0.0212,761.88556
0.02127,762.18548
0.02129,762.56703
0.02131,762.85941
0.02136,763.08503
0.02138,763.38735
0.02143,763.75174
0.02147,764.00958
0.02152,764.21546
0.02157,764.45109
0.0216,764.8081
0.02165,765.04377
0.0217,765.3092
0.02172,765.71079
0.02177,766.05557
0.02181,766.28383
0.02184,766.47486
0.02188,766.92127
0.02193,767.18683
0.02195,767.34066
0.022,767.65583
0.02204,767.85444
0.02208,768.33825
0.02213,768.54441
0.02215,768.72804
0.02222,768.99887
0.02224,769.41064
0.02231,769.71128
0.02234,770.07111
0.02238,770.18059
0.0224,770.47341
0.02245,770.8186
0.0225,771.11423
0.02251,771.29796
0.02256,771.61346
0.02258,771.96589
0.02263,772.11276
0.02265,772.40568
0.0227,772.69151
0.0227,773.02888
0.02274,773.31711
0.02279,773.5236
0.02283,773.83172
0.02288,774.14742
0.02293,774.35398
0.02294,774.55769
0.02299,774.88338
0.02303,775.02286
0.02306,775.29374
0.02308,775.56698
0.02313,775.93246
0.02317,776.2209
0.02322,776.4276
0.02326,776.64658
0.02329,776.95727
0.02333,777.17628
0.02337,777.52206
0.02339,777.84507
0.02342,778.12604
0.02344,778.31005
0.02349,778.56654
0.02353,778.76579
0.02358,779.03224
0.02363,779.39804
0.02365,779.58211
0.0237,779.81883
0.02374,780.12742
0.02376,780.42078
0.0238,780.68736
0.02385,780.83475
0.02387,781.07849
0.02392,781.365
0.02396,781.62402
0.02401,781.88076
0.02403,782.15436
0.02406,782.31638
0.0241,782.65496
0.02415,782.83228
0.02417,783.12581
0.02421,783.30316
0.02423,783.65634
0.02428,783.91323
0.02432,784.20224
0.02437,784.37966
0.02442,784.75589
0.02444,784.91036
0.02449,785.16735
0.02453,785.39681
0.02458,785.63396
0.0246,785.95748
0.02464,786.24437
0.02468,786.4739
0.02471,786.71566
0.02478,786.99809
0.0248,787.12282
0.02485,787.43965
0.02489,787.69909
0.02492,787.97076
0.02494,788.23476
0.02499,788.44227
0.02502,788.76146
0.02507,789.04858
0.02511,789.21861
0.02516,789.42619
0.02518,789.66043
0.02523,789.98742
0.02528,790.21495
0.0253,790.39949
0.02535,790.71659
0.02537,790.88125
0.02539,791.11556
0.02543,791.40287
0.02548,791.64045
0.0255,791.82505
0.02554,792.1644
0.02559,792.28262
0.02564,792.57998
0.02566,792.76462
0.02571,793.19141
0.02575,793.28205
0.02579,793.48991
0.02584,793.77742
0.02588,793.97759
0.02591,794.22976
0.02595,794.44986
0.026,794.68767
0.02602,794.93214
0.02607,795.27951
0.02611,795.4698
0.02614,795.66232
0.02617,795.89247
0.02624,796.05628
0.02627,796.27871
0.02631,796.50891
0.02634,796.75128
0.02638,797.01138
0.02643,797.21951
0.02647,797.55933
0.02652,797.78742
0.02656,798.02549
0.02658,798.21037
0.02663,798.44847
0.02667,798.69874
0.0267,799.01098
0.02674,799.1218
0.02679,799.30019
0.02681,799.59473
0.02688,799.78872
0.0269,800.00358
0.02694,800.29165
0.02696,800.50653
0.02701,800.80459
0.02703,800.97964
0.02708,801.24784
0.0271,801.4827
0.02715,801.61141
0.0272,801.9594
0.02724,802.20991
0.02728,802.41841
0.0273,802.55364
0.02735,802.76216
0.02737,802.9672
0.02742,803.20566
0.02746,803.48617
0.02746,803.68557
0.02753,803.83004
0.02756,804.18254
0.0276,804.27367
0.02764,804.54214
0.02769,804.77074
0.02773,804.97159
0.02775,805.12687
0.02782,805.441
0.02785,805.65401
0.02789,805.80504
0.02794,806.12352
0.028,806.34797
0.02805,806.63658
0.02807,806.71212
0.02814,807.07631
0.02816,807.17182
0.02821,807.55029
0.02825,807.66152
0.02828,807.77488
0.02832,808.00586
0.02836,808.26467
0.02841,808.44367
0.02845,808.73458
0.0285,808.99345
0.02852,809.14891
0.02857,809.27806
0.02859,809.54332
0.02864,809.81224
0.02867,810.00343
0.02872,810.21249
0.02874,810.34803
0.02879,810.63698
0.02881,810.71263
0.02886,811.06152
0.02891,811.24071
0.02895,811.41202
0.02898,811.6853
0.02901,811.85664
0.02906,812.12575
0.02908,812.28133
0.02913,812.60041
0.02917,812.7718
0.02922,812.98106
0.02927,813.13041
0.02931,813.39173
0.02935,813.57107
0.02942,813.73626
0.02942,813.90608
0.02949,814.13124
0.02953,814.39264
0.02958,813.81272
0.0296,808.78288
0.02965,798.07088
0.02967,787.04514
0.02969,777.2156
0.02971,769.01681
0.02971,762.31181
0.02971,756.51613
0.02969,751.03562
0.02965,746.29299
0.02963,741.95211
0.0296,736.49518
0.02956,732.66001
0.02951,727.81901
0.02949,723.29924
0.02947,719.11931
0.02944,714.70284
0.02942,710.3035
0.02942,706.04792
0.02935,701.69468
0.02935,698.1486
0.02934,693.76995
0.02931,689.67444
0.02927,685.48262
0.02924,681.46753
0.02922,677.42928
0.0292,673.42116
0.02915,669.33377
0.02913,665.18626
0.02908,661.74864
0.02906,657.63152
0.02903,653.75785
0.02901,649.66105
0.029,645.90392
0.02898,642.12696
0.02893,638.15181
0.02891,634.17557
0.02891,630.21172
0.02886,626.23742
0.02884,622.46135
0.02881,619.11869
0.02879,614.89369
0.02877,611.41759
0.02872,607.50464
0.02872,603.62138
0.0287,600.35537
0.02866,596.75265
0.02864,592.99788
0.02864,589.3146
0.02859,585.54298
0.02857,581.47927
0.02855,578.35393
0.02852,574.59433
0.02852,570.88154
0.02848,567.23652
0.02845,563.44757
0.02845,560.4436
0.02843,556.85996
0.02841,553.33633
0.02838,549.57797
0.02836,546.07461
0.02834,542.58137
0.02832,538.88345
0.0283,535.53021
0.02828,531.80791
0.02828,528.51511
0.02825,525.66597
0.02823,522.47286
0.02821,519.22998
0.02821,516.27664
0.02818,513.02896
0.02816,510.46487
0.02814,506.43427
0.02812,503.7008
0.02812,500.54818
0.02809,497.3611
0.02807,494.25882
0.02807,491.38569
0.02805,488.76243
0.02802,485.88515
0.02802,482.90243
0.02802,480.31873
0.028,477.30677
0.02798,474.48445
0.02796,471.62774
0.02796,468.67514
0.02794,466.17232
0.02792,463.26065
0.02789,460.16507
0.02789,457.49195
0.02787,454.53071
0.02785,451.53967
0.02785,448.75694
0.02782,445.4326
0.0278,442.9206
0.0278,439.94852
0.02778,437.03774
0.02778,434.06572
0.02775,431.15092
0.02773,428.28035
0.02771,425.40989
0.02771,422.42809
0.02769,419.63758
0.02766,416.79326
0.02766,413.84153
0.02764,410.85188
0.02764,408.00989
0.02762,405.08025
0.02762,402.18846
0.0276,398.89613
0.02758,395.70755
0.02756,392.83817
0.02753,390.12464
0.02751,386.9165
0.02749,383.95775
0.02749,380.92677
0.02746,377.85485
0.02746,374.84389
0.02744,371.86558
0.02742,368.76775
0.02739,365.55682
0.02739,362.57598
0.02737,359.84734
0.02735,356.66023
0.02732,353.31031
0.0273,350.66178
0.0273,347.54164
0.02728,344.36496
0.02728,341.19504
0.02726,338.00528
0.02724,334.56978
0.02724,331.87847
0.02722,328.6425
0.0272,325.82529
0.0272,322.06757
0.0272,319.36639
0.02717,316.15762
0.02715,312.92217
0.02713,309.82639
0.0271,306.58821
0.02708,303.29338
0.02706,300.19799
0.02703,296.40223
0.02701,294.1542
0.02701,290.49683
0.02699,287.38197
0.02696,284.14489
0.02694,280.96055
0.02692,277.72652
0.0269,274.57961
0.02688,271.14657
0.02688,268.47616
0.02686,265.21269
0.02686,262.10391
0.02683,258.86801
0.02679,255.51024
0.02679,252.34189
0.02674,249.10164
0.02672,246.03825
0.02672,242.84023
0.0267,239.65747
0.02667,236.31313
0.02667,233.64327
0.02665,230.27156
0.02663,227.34827
0.0266,224.14398
0.02658,220.88227
0.02656,218.09881
0.02656,214.87141
0.02652,211.74326
0.0265,208.68128
0.0265,205.37442
0.02645,202.35651
0.02643,199.38456
0.02643,196.17751
0.0264,193.06442
0.0264,189.88735
0.02638,186.94566
0.02636,183.79495
0.02631,180.69883
0.02629,177.38912
0.02627,174.48783
0.02622,171.37252
0.0262,168.83996
0.02617,165.99721
0.02615,162.68824
0.02611,159.62365
0.02609,156.64358
0.02607,153.81298
0.02604,150.86154
0.02602,147.82211
0.026,144.99187
0.02595,142.1775
0.02595,139.26068
0.02593,136.43079
0.02591,133.48157
0.02588,130.56104
0.02586,127.64194
0.02584,124.6035
0.02584,121.88607
0.02581,118.90636
0.02579,116.07726
0.02579,113.13104
0.02577,110.1329
0.02575,107.88031
0.02575,104.45648
0.02573,101.87668
0.02571,99.15763
0.02568,96.4079
0.02566,93.59953
0.02566,90.74328
0.02561,87.87279
0.02561,85.06643
0.02559,82.17886
0.02559,79.46212
0.02557,76.65432
0.02554,74.07479
0.02552,71.12793
0.0255,68.21103
0.02548,65.83156
0.02543,62.82349
0.02543,60.44547
0.02539,57.40796
0.02537,54.8897
0.02537,51.91489
0.02535,49.33709
0.02532,46.50026
0.0253,43.98238
0.02528,41.31537
0.02528,38.46021
0.02525,35.71342
0.02523,33.18598
0.02521,30.48952
0.02518,27.66358
0.02516,24.57942
0.02514,22.66913
0.02511,19.585
0.02509,17.00848
0.02507,14.43206
0.02507,11.71672
0.02504,8.99118
0.02502,6.47471
0.025,3.91857
0.02499,1.26307
0.02499,-1.2929
0.02496,-3.75925
0.02494,-6.50398
0.02492,-9.10937
0.02492,-11.82429
0.02489,-14.29016
0.02487,-17.00466
0.02485,-19.42073
0.02485,-21.93658
0.0248,-24.63022
0.02478,-27.03603
0.02475,-29.50112
0.02473,-32.21496
0.02471,-34.57075
0.02471,-37.20556
0.02466,-39.63959
0.02466,-41.87658
0.02464,-44.43087
0.02461,-46.94482
0.0246,-49.4094
0.02458,-51.93354
0.02458,-53.89198
0.02453,-56.80202
0.02451,-59.15685
0.02449,-61.59111
0.02444,-63.88424
0.02442,-66.14926
0.02439,-68.61232
0.02437,-71.04611
0.02432,-73.53728
0.0243,-75.83167
0.02428,-78.15578
0.02423,-80.49732
0.02421,-82.851
0.02419,-85.20375
0.02417,-87.57709
0.02415,-90.0994
0.02413,-92.0552
0.0241,-94.5764
0.02408,-96.84005
0.02406,-99.21291
0.02403,-101.62443
0.02401,-103.44068
0.02399,-105.93247
0.02396,-108.13499
0.02392,-110.39591
0.02389,-112.5286
0.02387,-114.93052
0.02385,-117.05418
0.02382,-119.37528
0.02378,-121.49638
0.02376,-123.67812
0.02374,-125.74177
0.02372,-128.12319
0.02367,-130.32191
0.02365,-132.39517
0.02363,-134.71666
0.0236,-136.94733
0.02356,-138.89843
0.02356,-141.00386
0.02351,-143.03278
0.02349,-145.10547
0.02346,-147.2263
0.02344,-149.26902
0.02339,-151.2973
0.02337,-153.44902
0.02336,-155.52123
0.02333,-157.5521
0.02331,-159.51491
0.02326,-161.71119
0.02324,-163.72342
0.02322,-165.67601
0.02317,-167.71295
0.02315,-169.66533
0.02313,-171.81617
0.02313,-173.77178
0.02308,-175.66918
0.02306,-177.78998
0.02303,-179.79975
0.02299,-181.71829
0.02296,-183.69803
0.02294,-185.68939
0.02293,-187.58142
0.02288,-189.47775
0.02286,-191.33981
0.02283,-193.34877
0.02279,-195.30608
0.02277,-197.2274
0.02274,-199.00777
0.02272,-201.01823
0.0227,-202.85992
0.02265,-204.5864
0.02263,-206.47751
0.0226,-208.4558
0.02258,-210.18799
0.02256,-212.05902
0.02253,-213.83859
0.02251,-215.73922
0.0225,-217.55048
0.02247,-219.44881
0.02245,-221.23016
0.02243,-223.04119
0.0224,-224.71108
0.02238,-226.66083
0.02236,-228.39227
0.02234,-230.12365
0.02231,-231.90229
0.02229,-233.60376
0.02227,-235.35476
0.02224,-237.11328
0.0222,-238.85945
0.02217,-240.588
0.02215,-242.34857
0.02213,-244.0694
0.0221,-245.71835
0.02206,-247.38461
0.02204,-248.99367
0.02202,-250.86291
0.022,-252.39494
0.02195,-254.25658
0.02195,-255.90251
0.02191,-257.50861
0.02188,-259.17662
0.02186,-260.81733
0.02184,-262.51747
0.02181,-264.07615
0.02177,-265.85025
0.02174,-267.40873
0.02172,-269.19775
0.02167,-270.60207
0.02165,-272.33144
0.02163,-273.86249
0.0216,-275.49982
0.02159,-277.06046
0.02154,-278.61287
0.02152,-280.25264
0.02152,-281.86813
0.0215,-283.36905
0.02145,-284.78227
0.02143,-286.37222
0.02141,-287.9522
0.02138,-289.61847
0.02134,-290.98451
0.02134,-292.59971
0.02129,-294.09152
0.02127,-295.65131
0.02122,-297.14287
0.0212,-298.61332
0.02117,-300.14023
0.02114,-301.72353
0.02111,-303.1908
0.02109,-304.64115
0.02107,-306.20041
0.02104,-307.66744
0.021,-309.10164
0.02098,-310.58144
0.02093,-312.01238
0.02091,-313.51183
0.02088,-315.03784
0.02086,-316.45791
0.02081,-317.94782
0.02079,-319.33803
0.02074,-320.71876
0.02072,-322.24746
0.0207,-323.57804
0.02067,-324.82617
0.02064,-326.4077
0.02061,-327.81409
0.02059,-329.23352
0.02057,-330.59349
0.02055,-331.92369
0.0205,-333.36287
0.02048,-334.83154
0.02043,-336.27046
0.02043,-337.7753
0.02038,-338.98631
0.02036,-340.37551
0.02031,-341.6952
0.02029,-343.16343
0.02027,-344.32475
0.02022,-345.76291
0.0202,-347.01318
0.02016,-348.57977
0.02014,-349.78041
0.02009,-351.26758
0.02009,-352.37603
0.02007,-353.76454
0.02002,-355.06339
0.01998,-356.3854
0.01995,-357.74049
0.01993,-359.06934
0.01991,-360.31897
0.01988,-361.64417
0.01984,-362.96573
0.01981,-364.27097
0.01979,-365.52035
0.01977,-366.87852
0.01972,-368.11697
0.0197,-369.35628
0.01966,-370.54506
0.01964,-371.87326
0.01962,-373.28054
0.01959,-374.41702
0.01957,-375.69559
0.01952,-377.04216
0.0195,-378.17223
0.01948,-379.42094
0.01943,-380.68808
0.01941,-381.92676
0.01938,-383.14187
0.01934,-384.49158
0.01934,-385.69809
0.01929,-386.89551
0.01924,-388.08293
0.01922,-389.2718
0.0192,-390.56939
0.01916,-391.60821
0.01912,-392.81885
0.01907,-394.14418
0.01905,-395.35249
0.019,-396.37113
0.01895,-397.54784
0.01891,-398.86673
0.01888,-400.05106
0.01884,-401.1523
0.01879,-402.21986
0.01875,-403.53836
0.0187,-404.63535
0.01868,-405.93196
0.01864,-407.0584
0.01859,-408.14521
0.01855,-409.33474
0.01852,-410.59737
0.01848,-411.55946
0.01845,-412.82193
0.01841,-413.89255
0.01838,-415.05607
0.01836,-416.13469
0.01832,-417.31375
0.01829,-418.29924
0.01827,-419.57528
0.01822,-420.6413
0.0182,-421.71964
0.01818,-422.84733
0.01815,-423.98069
0.01811,-424.96164
0.01807,-426.1655
0.01805,-427.13492
0.01802,-428.53465
0.018,-429.44472
0.01798,-430.58189
0.01793,-431.86431
0.01791,-432.63597
0.01786,-433.86882
0.01784,-434.97613
0.01779,-436.06067
0.01777,-437.08886
0.01775,-438.13676
0.01772,-439.39752
0.0177,-440.47495
0.01768,-441.49309
0.01765,-442.62531
0.01763,-443.7026
0.01758,-444.76673
0.01756,-445.92287
0.01755,-446.80256
0.01752,-447.95422
0.01748,-449.00268
0.01745,-449.98638
0.01741,-451.13339
0.01739,-452.13128
0.01734,-453.19473
0.01732,-454.2912
0.01729,-455.3338
0.01725,-456.51989
0.01722,-457.36499
0.01718,-458.37329
0.01715,-459.38603
0.01713,-460.43283
0.01708,-461.66333
0.01708,-462.53163
0.01704,-463.53959
0.01701,-464.64082
0.01699,-465.68738
0.01696,-466.69511
0.01693,-467.76656
0.01691,-468.81296
0.01689,-469.85932
0.01684,-470.83255
0.01682,-471.82947
0.01677,-472.69404
0.01675,-473.81908
0.01672,-474.72241
0.0167,-475.74873
0.01668,-476.87363
0.01663,-477.90549
0.01661,-478.78371
0.01658,-479.77553
0.01656,-480.85091
0.01652,-481.79843
0.01649,-482.83937
0.01647,-483.74696
0.01642,-484.66978
0.01639,-485.67618
0.01636,-486.69714
0.01634,-487.74256
0.01632,-488.59074
0.01627,-489.59205
0.01625,-490.55845
0.01622,-491.4904
0.0162,-492.53557
0.0162,-493.63971
0.01618,-494.54681
0.01615,-495.42928
0.01611,-496.46454
0.01609,-497.3715
0.01604,-498.28343
0.01602,-499.30857
0.01597,-500.08235
0.01595,-501.1271
0.01592,-502.19643
0.01588,-503.04392
0.01585,-503.94559
0.01583,-504.88173
0.01578,-505.931
0.01577,-506.8966
0.01575,-507.77348
0.0157,-508.66486
0.01568,-509.60075
0.01565,-510.53159
0.01563,-511.37873
0.01559,-512.4128
0.01556,-513.37302
0.01552,-514.2099
0.01547,-515.26822
0.01545,-516.23332
0.0154,-517.23236
0.01538,-518.04961
0.01533,-518.89089
0.01531,-519.79669
0.01528,-520.77612
0.01524,-521.67156
0.01521,-522.66071
0.01519,-523.58603
0.01517,-524.2454
0.01515,-525.18049
0.01511,-526.23787
0.01509,-527.16301
0.01506,-527.87612
0.01504,-528.58454
0.01499,-529.553
0.01497,-530.54689
0.01492,-531.37734
0.01488,-532.2228
0.01485,-533.11281
0.01483,-533.9982
0.01478,-534.99571
0.01474,-535.89012
0.01472,-536.62769
0.01467,-537.59543
0.01465,-538.48057
0.0146,-539.3694
0.01458,-540.29381
0.01455,-541.0849
0.01453,-541.93049
0.01448,-542.76983
0.01446,-543.5366
0.01445,-544.38206
0.0144,-545.37866
0.01438,-546.14531
0.01435,-546.93605
0.01431,-547.87878
0.01429,-548.70435
0.01424,-549.67105
0.01422,-550.38829
0.01417,-551.15807
0.01412,-552.04583
0.0141,-552.87115
0.01405,-553.72925
0.01403,-554.6922
0.01401,-555.34033
0.01396,-556.19822
0.01391,-557.11504
0.01389,-557.80239
0.01387,-558.64708
0.01382,-559.64237
0.0138,-560.43779
0.01375,-561.26574
0.01374,-562.09057
0.01372,-562.96454
0.01367,-563.71362
0.01365,-564.42032
0.01362,-565.31809
0.0136,-566.16239
0.01355,-566.94071
0.01353,-567.76526
0.01348,-568.48445
0.01346,-569.26958
0.01341,-570.04764
0.01337,-571.02785
0.01335,-571.56709
0.0133,-572.53171
0.01328,-573.2478
0.01323,-573.87808
0.01321,-574.78085
0.01318,-575.6779
0.01314,-576.26453
0.01311,-577.13199
0.01309,-577.95597
0.01307,-578.79956
0.01304,-579.55879
0.01301,-580.3712
0.01298,-581.07136
0.01294,-581.87383
0.01292,-582.6386
0.01289,-583.45654
0.01285,-584.04268
0.01282,-584.88016
0.0128,-585.61531
0.01275,-586.33306
0.01273,-587.23514
0.01271,-587.83263
0.01268,-588.5913
0.01264,-589.28516
0.01261,-590.10267
0.01259,-590.97507
0.01257,-591.54294
0.01252,-592.26022
0.0125,-593.02446
0.01248,-593.78868
0.01245,-594.54698
0.01241,-595.2699
0.01238,-596.10668
0.01236,-596.73325
0.01234,-597.58566
0.01229,-598.43995
0.01227,-599.17443
0.01222,-599.64562
0.01221,-600.5175
0.01216,-601.23405
0.01211,-602.08799
0.01207,-602.5649
0.01202,-603.33033
0.01198,-604.00348
0.01195,-604.86907
0.01191,-605.42432
0.01188,-606.15238
0.01184,-606.9333
0.01181,-607.55329
0.01177,-608.38317
0.01174,-609.11104
0.0117,-609.58748
0.01167,-610.53116
0.01163,-611.31173
0.01158,-611.86049
0.01154,-612.53299
0.01149,-613.18957
0.01147,-613.95258
0.01142,-614.75621
0.01138,-615.41259
0.01136,-616.09699
0.01134,-616.77154
0.01129,-617.54548
0.01127,-618.24939
0.01122,-618.90548
0.0112,-619.75646
0.01117,-620.25794
0.01113,-620.97886
0.01108,-621.64452
0.01106,-622.31878
0.01101,-622.89606
0.01097,-623.73443
0.01094,-624.32394
0.0109,-625.21123
0.01087,-625.79084
0.01083,-626.37403
0.0108,-627.13006
0.01076,-627.69355
0.01073,-628.39066
0.01069,-629.00307
0.01064,-629.73665
0.01062,-630.5869
0.01057,-631.27133
0.01055,-631.8078
0.01053,-632.46189
0.01048,-633.31279
0.01047,-633.87858
0.01042,-634.48432
0.01037,-635.08999
0.01035,-635.74388
0.0103,-636.42785
0.01026,-637.08866
0.01021,-637.91948
0.01019,-638.53401
0.01014,-638.95316
0.01012,-639.82238
0.01007,-640.26103
0.01003,-640.92152
0.01,-641.73527
0.00996,-642.31727
0.00991,-642.97124
0.00986,-643.54677
0.00984,-644.17076
0.00979,-644.74618
0.00975,-645.46507
0.00973,-646.05957
0.00968,-646.6838
0.00966,-647.36638
0.00961,-648.01988
0.00956,-648.48724
0.00954,-649.11094
0.00952,-649.87172
0.00947,-650.47603
0.00943,-651.09987
0.00941,-651.58635
0.00939,-652.23926
0.00934,-652.92169
0.0093,-653.6399
0.0093,-654.08048
0.00925,-654.79213
0.0092,-655.36665
0.00918,-656.01934
0.00916,-656.66222
0.00911,-657.09955
0.00906,-657.84026
0.00902,-658.4504
0.00899,-659.08659
0.00895,-659.58897
0.0089,-660.10434
0.00888,-660.89375
0.00883,-661.49709
0.00876,-661.99917
0.00874,-662.51445
0.00872,-663.07863
0.00867,-663.78938
0.00862,-664.42179
0.00858,-664.94333
0.00855,-665.44206
0.00848,-666.2274
0.00844,-666.80748
0.00839,-667.41024
0.00835,-667.93152
0.00831,-668.61241
0.00826,-669.13674
0.00824,-669.59291
0.00822,-670.26423
0.00815,-670.71645
0.0081,-671.47527
0.00808,-672.04867
0.00805,-672.4687
0.00801,-673.09714
0.00796,-673.69929
0.00794,-674.2139
0.00789,-674.81595
0.00785,-675.36598
0.00782,-675.81513
0.00778,-676.53126
0.00773,-677.15264
0.00768,-677.72508
0.00764,-678.27487
0.00764,-678.72449
0.00761,-679.44712
0.00757,-679.93815
0.00754,-680.41635
0.00752,-680.87196
0.00752,-681.61473
0.00748,-682.10563
0.00745,-682.61304
0.00741,-683.2993
0.00741,-683.84654
0.00736,-684.36959
0.00731,-684.91212
0.00727,-685.49072
0.00724,-686.01745
0.00722,-686.60959
0.0072,-687.09423
0.00713,-687.62288
0.00708,-688.19442
0.00706,-688.70827
0.007,-689.29532
0.00695,-689.80808
0.00693,-690.29252
0.00688,-690.91263
0.00686,-691.45561
0.00679,-691.95444
0.00674,-692.55484
0.0067,-692.99605
0.00665,-693.56704
0.00663,-694.12937
0.00658,-694.64167
0.00654,-695.21942
0.00649,-695.57541
0.00647,-696.2157
0.00644,-696.72214
0.0064,-697.21185
0.00635,-697.64577
0.0063,-698.21631
0.00628,-698.72954
0.00623,-699.24141
0.00619,-699.92612
0.00616,-700.26637
0.00612,-700.81434
0.0061,-701.37621
0.00607,-701.85301
0.00605,-702.44411
0.006,-702.90688
0.00596,-703.53272
0.00593,-703.90204
0.00591,-704.49302
0.00586,-705.00439
0.00584,-705.48797
0.00579,-705.99926
0.00579,-706.57489
0.00577,-706.92181
0.00572,-707.59884
0.00568,-707.90237
0.00566,-708.55164
0.00563,-709.04751
0.00559,-709.40949
0.00554,-710.05699
0.00552,-710.42326
0.00549,-710.98727
0.00546,-711.58318
0.00541,-711.87939
0.00539,-712.42111
0.00534,-712.87328
0.00532,-713.32718
0.00529,-713.86172
0.00527,-714.45209
0.00523,-714.96971
0.0052,-715.32865
0.00516,-715.93394
0.00513,-716.38057
0.00509,-716.76154
0.00506,-717.2666
0.00499,-717.85029
0.00497,-718.18695
0.00492,-718.75558
0.00488,-719.28258
0.00483,-719.6854
0.00481,-720.13892
0.00478,-720.5755
0.00474,-721.01463
0.00469,-721.56348
0.00467,-722.06563
0.00462,-722.27331
0.0046,-722.86311
0.00455,-723.43127
0.00453,-723.88458
0.00448,-724.34547
0.00444,-724.72584
0.00441,-725.12314
0.00437,-725.55216
0.00432,-726.01288
0.0043,-726.55371
0.00425,-727.06305
0.00421,-727.39451
0.00418,-727.91825
0.00414,-728.40549
0.00411,-728.82203
0.00407,-729.42607
0.00404,-729.87176
0.00402,-730.35391
0.004,-730.71918
0.00395,-731.28657
0.0039,-731.66888
0.00388,-732.03408
0.00384,-732.4723
0.00379,-732.90319
0.00377,-733.57015
0.00372,-733.83543
0.0037,-734.34656
0.00365,-734.80648
0.0036,-735.17875
0.00358,-735.76766
0.00351,-735.98889
0.00349,-736.38305
0.00346,-736.93532
0.00342,-737.46074
0.0034,-737.85483
0.00333,-738.24132
0.00328,-738.74952
0.00323,-739.13115
0.00319,-739.53958
0.00315,-740.01844
0.0031,-740.61401
0.00308,-740.95925
0.00303,-741.22392
0.00301,-741.81235
0.00299,-742.17699
0.00297,-742.68755
0.00292,-743.05912
0.00287,-743.53765
0.00285,-743.91192
0.00278,-744.29771
0.00276,-744.74975
0.00271,-745.12112
0.00269,-745.46612
0.00264,-745.92496
0.00259,-746.32539
0.00257,-746.82592
0.00255,-747.21946
0.0025,-747.64896
0.00246,-748.03726
0.00243,-748.55939
0.00239,-748.83094
0.00236,-749.32384
0.00232,-749.76062
0.00229,-750.06873
0.00227,-750.65653
0.00222,-751.11488
0.00218,-751.43486
0.00215,-751.83037
0.00213,-752.3014
0.00208,-752.71099
0.00206,-752.96813
0.00202,-753.45321
0.00199,-753.89718
0.00195,-754.33359
0.0019,-754.76243
0.00185,-755.10376
0.00183,-755.50655
0.00178,-755.95471
0.00176,-756.35745
0.00171,-756.6695
0.00167,-757.02793
0.00162,-757.47593
0.00158,-757.94116
0.00155,-758.11276
0.00151,-758.68479
0.00146,-758.97719
0.00144,-759.37002
0.00139,-759.84692
0.00137,-760.24942
0.00132,-760.56112
0.0013,-761.04127
0.00125,-761.33348
0.00123,-761.833
0.00118,-762.15428
0.00113,-762.64061
0.00109,-762.88204
0.00107,-763.38145
0.00102,-763.67345
9.73E-04,-764.04539
9.27E-04,-764.50544
9.03E-04,-764.924
8.57E-04,-765.16068
8.11E-04,-765.62062
7.88E-04,-766.03986
7.41E-04,-766.41159
7.18E-04,-766.64636
6.49E-04,-767.07881
6.25E-04,-767.50689
5.79E-04,-767.79189
5.56E-04,-768.2401
4.86E-04,-768.4872
4.40E-04,-768.84004
4.40E-04,-769.27673
3.71E-04,-769.57301
3.48E-04,-769.97256
3.48E-04,-770.40921
3.01E-04,-770.75143
2.78E-04,-771.19943
2.32E-04,-771.49385
1.85E-04,-771.75835
1.39E-04,-772.21762
1.16E-04,-772.57821
4.63E-05,-772.93179
2.32E-05,-773.16614
-2.32E-05,-773.59585
-4.63E-05,-773.98536
-9.27E-05,-774.38591
-1.39E-04,-774.7089
-1.62E-04,-775.01113
-2.09E-04,-775.4402
-2.55E-04,-775.73424
-3.01E-04,-776.164
-3.48E-04,-776.4572
-3.71E-04,-776.87567
-4.17E-04,-777.16959
-4.40E-04,-777.42318
-4.86E-04,-777.88187
-5.33E-04,-778.33003
-5.79E-04,-778.68198
-6.02E-04,-778.99366
-6.49E-04,-779.33508
-6.95E-04,-779.70633
-7.18E-04,-779.98887
-7.64E-04,-780.47636
-7.88E-04,-780.78715
-8.57E-04,-781.21782
-8.80E-04,-781.39367
-9.03E-04,-781.84086
-9.27E-04,-782.1225
-9.73E-04,-782.49349
-0.00102,-782.86366
-0.00104,-783.129
-0.00109,-783.33204
-0.00111,-783.75237
-0.00116,-784.04255
-0.00118,-784.46284
-0.00123,-784.58827
-0.00125,-785.03757
-0.00132,-785.38942
-0.00134,-785.73211
-0.00139,-786.04148
-0.00144,-786.41862
-0.00148,-786.73581
-0.00153,-787.10319
-0.00153,-787.43248
-0.00158,-787.85791
-0.0016,-788.06488
-0.00164,-788.51751
-0.00167,-788.85211
-0.00169,-789.02998
-0.00174,-789.47462
-0.00181,-789.70005
-0.00185,-790.04601
-0.0019,-790.27751
-0.00195,-790.509
-0.00199,-790.86454
-0.00202,-791.33447
-0.00208,-791.58697
-0.00211,-791.91163
-0.00215,-792.20898
-0.0022,-792.46932
-0.00225,-792.86513
-0.00229,-793.10432
-0.00234,-793.52909
-0.00236,-793.73575
-0.00243,-793.99938
-0.00248,-794.37565
-0.0025,-794.76611
-0.00255,-794.99717
-0.00257,-795.44564
-0.00266,-795.73181
-0.00269,-796.03679
-0.00273,-796.32408
-0.00278,-796.61304
-0.0028,-796.95496
-0.00287,-797.06344
-0.0029,-797.52306
-0.00297,-797.76687
-0.00301,-798.1217
-0.00303,-798.31844
-0.00306,-798.7586
-0.0031,-799.14236
-0.00313,-799.38906
-0.00321,-799.66167
-0.00323,-799.96469
-0.00328,-800.22428
-0.00332,-800.47254
-0.00337,-800.7514
-0.00342,-801.09791
-0.00346,-801.36542
-0.00351,-801.65386
-0.00353,-802.01474
-0.0036,-802.28701
-0.00365,-802.62368
-0.00367,-803.04247
-0.00372,-803.25343
-0.00374,-803.42092
-0.00379,-803.82511
-0.00383,-804.09239
-0.00386,-804.41603
-0.0039,-804.71224
-0.00395,-805.02934
-0.00399,-805.26753
-0.00404,-805.60388
-0.00406,-805.83888
-0.00409,-806.11408
-0.00413,-806.40049
-0.0042,-806.80745
-0.00425,-807.03739
-0.00427,-807.37855
-0.00432,-807.53117
-0.00439,-807.93796
-0.00441,-808.13419
-0.00443,-808.41733
-0.00448,-808.86922
-0.00453,-809.02172
-0.00453,-809.29209
-0.0046,-809.5345
-0.00464,-809.93645
-0.00467,-810.18237
-0.00469,-810.55228
-0.00474,-811.02323
-0.00476,-811.09382
-0.0048,-811.37978
-0.00485,-811.69618
-0.0049,-811.98359
-0.00497,-812.25463
-0.00499,-812.39274
-0.00501,-812.6563
-0.00506,-813.12697
-0.00513,-813.32067
-0.00515,-813.65172
-0.0052,-813.83277
-0.00522,-814.11554
-0.00529,-814.46351
-0.00534,-814.75061
-0.00538,-814.88186
-0.00543,-815.11102
-0.00549,-815.3691
-0.00553,-815.74146
-0.00556,-816.1027
-0.00558,-816.24063
-0.00565,-816.54005
-0.00567,-816.95766
-0.0057,-817.23201
-0.00574,-817.52704
-0.00579,-817.72703
-0.00581,-817.99025
-0.00586,-818.24806
-0.00588,-818.50161
-0.00597,-818.86141
-0.006,-819.10667
-0.00604,-819.3726
-0.00609,-819.68811
-0.00614,-819.96501
-0.00618,-820.0477
-0.0062,-820.465
-0.00627,-820.75422
-0.0063,-820.8162
-0.00632,-821.26234
-0.00637,-821.51981
-0.00639,-821.44545
-0.00646,-821.95619
-0.00648,-822.07457
-0.00653,-822.52468
-0.00658,-822.6471
-0.0066,-822.92926
-0.00664,-823.19483
-0.00669,-823.481
-0.00674,-823.70932
-0.00678,-824.03263
-0.00681,-824.44127
-0.00688,-824.68181
-0.0069,-824.80006
-0.00695,-825.02826
-0.00697,-825.31025
-0.00702,-825.4806
-0.00706,-825.77483
-0.00712,-826.00292
-0.00714,-826.31374
-0.00719,-826.57067
-0.00721,-826.85256
-0.00723,-827.24037
-0.00728,-827.44908
-0.0073,-827.70204
-0.00735,-828.03588
-0.0074,-828.08083
-0.00742,-828.49742
-0.00747,-828.75415
-0.00751,-828.9133
-0.00756,-829.21811
-0.00758,-829.55759
-0.00763,-829.70833
-0.00767,-829.88665
-0.0077,-830.29472
-0.00774,-830.45375
-0.00779,-830.71027
-0.00784,-831.04376
-0.00786,-831.21949
-0.00788,-831.42408
-0.00791,-831.72614
-0.00795,-832.01017
-0.008,-832.16069
-0.00802,-832.5192
-0.00807,-832.69854
-0.00811,-832.96323
-0.00814,-833.17857
-0.00818,-833.39512
-0.00821,-833.69701
-0.00825,-833.98086
-0.0083,-834.02539
-0.00832,-834.44145
-0.00835,-834.68555
-0.0084,-834.87312
-0.00843,-835.11718
-0.00849,-835.23016
-0.00849,-835.71106
-0.00854,-835.80357
-0.00863,-836.11237
-0.00868,-836.28175
-0.00873,-836.51843
-0.00877,-836.78275
-0.0088,-837.05549
-0.00884,-837.339
-0.00889,-837.54673
-0.00894,-837.69675
-0.00898,-837.96095
-0.00903,-838.10132
-0.00907,-838.39431
-0.0091,-838.66691
-0.00917,-838.84795
-0.00919,-839.10974
-0.00926,-839.36761
-0.00928,-839.57171
-0.00933,-839.587
-0.00935,-839.94483
-0.0094,-840.22915
-0.00944,-840.43544
-0.00949,-840.64284
-0.00957,-840.85245
-0.00959,-841.1333
-0.00964,-841.30219
-0.00966,-841.71751
-0.00969,-841.8265
-0.00973,-842.04226
-0.00978,-842.29752
-0.00983,-842.58156
-0.00985,-842.88151
-0.00989,-843.01074
-0.00992,-843.28293
-0.00994,-843.48679
-0.00999,-843.68428
-0.01003,-843.91909
-0.01006,-844.05676
-0.01013,-844.38117
-0.01015,-844.60416
-0.01017,-844.75033
-0.01022,-845.11092
-0.01029,-845.40637
-0.01033,-845.50661
-0.01035,-845.75833
-0.01045,-845.83606
-0.01045,-846.23922
-0.01045,-846.32561
-0.01053,-846.59209
-0.01058,-846.86605
-0.01062,-846.91819
-0.01067,-847.33606
-0.01072,-847.53315
-0.01079,-847.74187
-0.01081,-847.85907
-0.01088,-848.23085
-0.0109,-848.27127
-0.01095,-848.66014
-0.01099,-848.8177
-0.01104,-849.07219
-0.01104,-849.28324
-0.01109,-849.48973
-0.01116,-849.64063
-0.01118,-849.84407
-0.01123,-850.09844
-0.01125,-850.45531
-0.01129,-850.55518
-0.01134,-850.7903
-0.01136,-850.9553
-0.01141,-851.10407
-0.01149,-851.47532
-0.01151,-851.56358
-0.01151,-851.81289
-0.01156,-852.09582
-0.01163,-852.30394
-0.01165,-852.44968
-0.01168,-852.90318
-0.01172,-852.98371
-0.01179,-853.10543
-0.01184,-853.41695
-0.01186,-853.56263
-0.01191,-853.73032
-0.01198,-854.02447
-0.012,-854.11261
-0.01202,-854.39243
-0.01207,-854.70378
-0.01209,-854.82065
-0.01214,-854.99779
-0.01218,-855.26024
-0.01221,-855.33967
-0.01225,-855.64998
-0.01231,-855.90369
-0.01236,-856.08073
-0.0124,-856.28557
-0.01243,-856.58529
-0.0125,-856.65869
-0.01252,-856.83293
-0.01259,-857.06913
-0.01264,-857.29393
-0.01268,-857.61358
-0.0127,-857.67283
-0.01275,-857.95502
-0.01282,-858.11445
-0.01284,-858.27901
-0.01287,-858.60724
-0.01291,-858.76396
-0.01296,-858.88324
-0.01301,-859.21314
-0.01303,-859.54999
-0.01305,-859.82937
-0.01311,-859.78581
-0.01315,-860.01902
-0.01318,-860.15562
-0.01325,-860.22863
-0.01327,-860.61322
-0.01332,-860.73233
-0.01334,-860.95418
-0.01336,-861.36743
-0.01341,-861.45778
-0.01343,-861.58387
-0.01346,-861.82565
-0.01348,-861.97087
-0.01355,-862.14895
-0.01357,-862.50467
-0.01362,-862.59492
-0.01364,-862.82621
-0.01373,-862.93884
-0.01376,-863.20919
-0.01378,-863.26822
-0.01384,-863.54973
-0.01388,-863.72516
-0.01393,-863.97792
-0.01398,-864.21151
-0.01402,-864.22428
-0.01404,-864.56064
-0.01409,-864.6794
-0.01414,-864.79814
-0.01416,-865.04838
-0.01418,-865.2221
-0.01423,-865.52248
-0.01425,-865.72487
-0.01428,-866.10015
-0.0143,-866.24513
-0.01435,-866.39243
-0.01439,-866.51026
-0.01444,-866.74357
-0.01446,-866.83115
-0.01451,-867.14091
-0.01454,-867.27627
-0.01459,-867.5095
-0.01463,-867.74195
-0.01466,-868.01185
-0.0147,-868.05309
-0.01477,-868.23993
-0.0148,-868.55756
-0.01482,-868.70241
-0.01489,-868.86049
-0.01491,-869.08177
-0.01496,-869.17144
-0.015,-869.43237
-0.01503,-869.53967
-0.01507,-869.80056
-0.0151,-870.07027
-0.01512,-870.18636
-0.01517,-870.30461
-0.01519,-870.5831
-0.01525,-870.86371
-0.01529,-871.0194
-0.01532,-871.20302
-0.01536,-871.35868
-0.01541,-871.55323
-0.01543,-871.65015
-0.01548,-871.81601
-0.01552,-872.04801
-0.01555,-872.21245
-0.01559,-872.44441
-0.01562,-872.55152
-0.01569,-872.75685
-0.01571,-872.98739
-0.01576,-873.26769
-0.01578,-873.41226
-0.01586,-873.45517
-0.01588,-873.78113
-0.0159,-874.11661
-0.01595,-874.01493
-0.016,-874.381
-0.01604,-874.4791
-0.01607,-874.66244
-0.01609,-874.80694
-0.01616,-874.90696
-0.01618,-875.27095
-0.01621,-875.4256
-0.01625,-875.60952
-0.01628,-875.85003
-0.0163,-876.0708
-0.01635,-876.18851
-0.01637,-876.39017
-0.01639,-876.42007
-0.01646,-876.71074
-0.01646,-876.9302
-0.01649,-877.04595
-0.01654,-877.21127
-0.01659,-877.46243
-0.01661,-877.69263
-0.01663,-877.98961
-0.01668,-878.10714
-0.01673,-878.31051
-0.01677,-878.30341
-0.01682,-878.60212
-0.01686,-878.595
-0.01691,-878.92228
-0.01693,-879.01884
-0.01698,-879.24117
-0.01705,-879.36929
-0.01707,-879.56118
-0.01713,-879.70715
-0.01715,-879.95624
-0.0172,-880.10217
-0.01725,-880.23855
-0.01729,-880.3934
-0.01731,-880.62336
-0.01736,-880.73109
-0.01738,-880.90383
-0.01743,-881.04966
-0.01748,-881.24313
-0.01755,-881.47582
-0.01757,-881.57225
-0.01762,-881.73706
-0.01764,-881.95737
-0.0177,-882.16027
-0.01774,-882.25776
-0.01776,-882.53521
-0.01781,-882.59511
-0.01783,-882.84394
-0.01788,-882.98957
-0.01793,-883.13517
-0.01797,-883.28023
-0.01802,-883.45438
-0.01804,-883.62692
-0.01809,-883.79151
-0.01814,-883.99417
-0.01816,-884.18573
-0.0182,-884.34021
-0.01826,-884.48568
-0.01831,-884.62159
-0.01833,-884.87977
-0.01838,-884.96803
-0.0184,-885.24522
-0.01845,-885.27632
-0.01849,-885.53544
-0.01854,-885.68077
-0.01859,-885.84513
-0.01863,-885.80903
-0.01868,-886.17329
-0.0187,-886.28851
-0.01875,-886.42424
-0.01878,-886.62512
-0.01883,-886.9512
-0.01887,-886.97216
-0.0189,-887.13541
-0.01894,-887.2325
-0.01897,-887.31007
-0.01899,-887.61558
-0.01901,-887.78783
-0.01904,-888.07475
-0.01908,-888.12419
-0.01908,-888.39066
-0.01908,-888.55244
-0.01913,-888.58329
-0.01917,-888.79447
-0.0192,-888.92906
-0.01924,-889.13069
-0.01927,-889.16058
-0.01932,-889.41927
-0.01937,-889.53567
-0.01939,-889.78392
-0.01942,-889.88989
-0.01946,-889.98678
-0.01951,-890.3124
-0.01953,-890.45595
-0.01958,-890.62932
-0.01962,-890.72616
-0.01967,-890.97558
-0.01972,-890.98721
-0.01976,-891.24568
-0.01979,-891.42762
-0.01984,-891.49586
-0.01987,-891.65876
-0.01991,-891.8601
-0.01994,-891.96592
-0.01996,-892.13789
-0.01998,-892.28133
-0.02003,-892.42597
-0.02007,-892.68427
-0.02012,-892.71479
-0.02014,-892.85818
-0.02019,-893.03127
-0.02024,-893.11879
-0.02028,-893.34848
-0.02031,-893.55875
-0.02034,-893.67358
-0.02039,-893.74203
-0.02041,-893.90436
-0.02043,-894.10471
-0.0205,-894.23089
-0.02053,-894.46959
-0.02059,-894.57635
-0.02062,-894.7865
-0.02066,-894.85448
-0.02069,-895.07411
-0.02076,-895.17166
-0.02078,-895.33389
-0.02084,-895.53518
-0.02091,-895.70866
-0.02093,-895.77586
-0.02095,-895.90954
-0.021,-895.94929
-0.02107,-896.15118
-0.02109,-896.37031
-0.02114,-896.51448
-0.02118,-896.56332
-0.02123,-896.81192
-0.02128,-896.89905
-0.02131,-896.95669
-0.02136,-897.10078
-0.02143,-897.27399
-0.02147,-897.39872
-0.02147,-897.64556
-0.02154,-897.73325
-0.02161,-897.88737
-0.02163,-898.03039
-0.02168,-898.06045
-0.0217,-898.20345
-0.02175,-898.34738
-0.02181,-898.53874
-0.02185,-898.74876
-0.0219,-898.96855
-0.02194,-898.93179
-0.02199,-899.18001
-0.02201,-899.19009
-0.02204,-899.45666
-0.02211,-899.57256
-0.02213,-899.687
-0.02215,-899.82989
-0.0222,-900.05901
-0.0223,-900.08054
-0.02233,-900.15727
-0.02237,-900.54729
-0.02242,-900.5297
-0.02246,-900.71101
-0.02251,-900.79773
-0.02253,-900.9595
-0.02258,-901.04619
-0.0226,-901.35019
-0.02265,-901.4084
-0.02271,-901.60883
-0.02273,-901.72314
-0.02278,-901.86664
-0.02282,-902.00988
-0.02285,-902.2761
-0.02289,-902.3719
-0.02291,-902.38188
-0.02296,-902.71491
-0.02298,-902.80071
-0.02301,-902.93414
-0.02305,-902.84031
-0.02313,-903.1832
-0.02316,-903.36399
-0.0232,-903.59238
-0.02323,-903.81105
-0.0233,-903.87897
-0.02334,-904.02201
-0.02336,-904.11721
-0.02341,-904.2794
-0.02343,-904.42197
-0.02348,-904.53675
-0.02353,-904.7273
-0.02358,-904.87973
-0.02363,-904.91867
-0.02368,-905.10917
-0.02372,-905.26155
-0.02375,-905.44213
-0.02379,-905.53765
-0.02381,-905.70854
-0.02384,-905.87014
-0.02388,-905.93722
-0.02393,-906.156
-0.02395,-906.22267
-0.02403,-906.42285
-0.0241,-906.4052
-0.02415,-906.57655
-0.02417,-906.74735
-0.02422,-906.9376
-0.02429,-907.0619
-0.02431,-907.04331
-0.02433,-907.20459
-0.02436,-907.39444
-0.02441,-907.43298
-0.02441,-907.67909
-0.02444,-907.72692
-0.02446,-908.08694
-0.02448,-907.98314
-0.02451,-908.22025
-0.02451,-908.46634
-0.02455,-908.53322
-0.02462,-908.65732
-0.02462,-908.86553
-0.02469,-908.8855
-0.02474,-909.10388
-0.02478,-909.19908
-0.02484,-909.3701
-0.02489,-909.56003
-0.02491,-909.48461
-0.02496,-909.71236
-0.02498,-909.76939
-0.02503,-909.98764
-0.02505,-910.10142
-0.0251,-910.27233
-0.02514,-910.33904
-0.02519,-910.58558
-0.02524,-910.65227
-0.02529,-910.85148
-0.02534,-911.01283
-0.02538,-910.97545
-0.02543,-911.25025
-0.02545,-911.2883
-0.02552,-911.48762
-0.02555,-911.72431
-0.02563,-911.76284
-0.02567,-911.91451
-0.02574,-912.11371
-0.02579,-912.19926
-0.02583,-912.29416
-0.02586,-912.48348
-0.02588,-912.52146
-0.0259,-912.57835
-0.02595,-912.76781
-0.02597,-912.88139
-0.02603,-913.02356
-0.02605,-913.22218
-0.0261,-913.38322
-0.02615,-913.46864
-0.02617,-913.61053
-0.02619,-913.72406
-0.02626,-913.87572
-0.02628,-913.98923
-0.02633,-914.10293
-0.02639,-914.26385
-0.02643,-914.25464
-0.02646,-914.38707
-0.02653,-914.61418
-0.02655,-914.83154
-0.02662,-914.90746
-0.02669,-915.02113
-0.02671,-915.00234
-0.02679,-915.20097
-0.02684,-915.3145
-0.02686,-915.38069
-0.02691,-915.6736
-0.02693,-915.9475
-0.02695,-915.9098
-0.02698,-916.08929
-0.02702,-916.07997
-0.02709,-916.38227
-0.02715,-916.36351
-0.02719,-916.51465
-0.02722,-916.61855
-0.02729,-916.74139
-0.02733,-916.83585
-0.0274,-917.00584
-0.02745,-917.14746
-0.02747,-917.1286
-0.02755,-917.38346
-0.0276,-917.51559
-0.0276,-917.62882
-0.02767,-917.72319
-0.02774,-917.76093
-0.02776,-917.93074
-0.02783,-918.02505
-0.02785,-918.34578
-0.02793,-918.36458
-0.02798,-918.31736
-0.028,-918.56257
-0.02805,-918.77943
-0.02809,-918.84538
-0.02814,-918.85471
-0.02819,-919.20353
-0.02821,-919.2412
-0.02823,-919.40146
-0.02829,-919.33531
-0.02831,-919.71243
-0.02836,-919.90084
-0.02838,-919.83477
-0.02843,-919.94774
-0.02845,-920.07965
-0.0285,-920.27743
-0.02852,-920.4659
-0.02857,-920.53166
-0.02862,-920.67287
-0.02865,-920.88953
-0.02869,-920.79507
-0.02874,-921.14355
-0.02879,-921.1527
-0.02879,-921.38831
-0.02886,-921.48214
-0.02893,-921.63249
-0.02896,-921.80198
-0.029,-921.91479
-0.02905,-922.05578
-0.0291,-922.09311
-0.02912,-922.38504
-0.02917,-922.39409
-0.02924,-922.54428
-0.02928,-922.58164
-0.02936,-922.64701
-0.02939,-922.83515
-0.02945,-922.88173
-0.0295,-923.09791
-0.02952,-923.18249
-0.02959,-923.30428
-0.02965,-923.31322
-0.02967,-923.52961
-0.02972,-923.67037
-0.02979,-923.73557
-0.02984,-923.60326
-0.02988,-923.97001
-0.02993,-923.99773
-0.02997,-924.14791
-0.03003,-924.28856
-0.03008,-924.41978
-0.0301,-924.56074
-0.03017,-924.65404
-0.03022,-924.70991
-0.03024,-924.80378
-0.03029,-925.06667
-0.03037,-925.02816
-0.03039,-925.22551
-0.03043,-925.31909
-0.03048,-925.34666
-0.03053,-916.66212
-0.03057,-906.06862
-0.0306,-895.88975
-0.03062,-885.72064
-0.03064,-877.91317
-0.03064,-869.93581
-0.03064,-863.97161
-0.03062,-857.33837
-0.03062,-849.94411
-0.0306,-844.55225
-0.03057,-839.16881
-0.03053,-834.40517
-0.03053,-828.92012
-0.03048,-824.58776
-0.03046,-819.77794
-0.03043,-815.22097
-0.03041,-809.9026
-0.03041,-805.81889
-0.03039,-801.12125
-0.03037,-796.54575
-0.03034,-791.9594
-0.03029,-787.80436
-0.03024,-782.94181
-0.03022,-778.90171
-0.03017,-774.4054
-0.03015,-769.82835
-0.03012,-765.77667
-0.03012,-761.34353
-0.0301,-756.92598
-0.03008,-752.46119
-0.03005,-748.4275
-0.03003,-744.22587
-0.03003,-739.80172
-0.03001,-735.59983
-0.03001,-731.42975
-0.02997,-727.02799
-0.02995,-722.76913
-0.02993,-718.46302
-0.02988,-714.47066
-0.02988,-710.57308
-0.02986,-706.50178
-0.02981,-702.10366
-0.02981,-698.26229
-0.02977,-694.09176
-0.02974,-690.1115
-0.02972,-686.03918
-0.02967,-682.07252
-0.02965,-677.59482
-0.02959,-673.73102
-0.02957,-669.87437
-0.02959,-666.22555
-0.02957,-662.06739
-0.02955,-658.15392
-0.02952,-654.24702
-0.02952,-650.08434
-0.0295,-646.35878
-0.0295,-642.37496
-0.02948,-638.43254
-0.02948,-634.56165
-0.02945,-630.81386
-0.02943,-626.68262
-0.02941,-623.05984
-0.02939,-619.14491
-0.02936,-615.05719
-0.02932,-611.60663
-0.02928,-607.9046
-0.02928,-604.1931
-0.02926,-600.3244
-0.02921,-596.55875
-0.02921,-592.81872
-0.02917,-588.99931
-0.02917,-585.23086
-0.02914,-581.29195
-0.02912,-577.66717
-0.0291,-574.22127
-0.02907,-570.04617
-0.0291,-566.71209
-0.02903,-563.08758
-0.02903,-559.45051
-0.029,-555.78348
-0.029,-551.95783
-0.029,-548.32064
-0.02898,-544.50621
-0.02898,-540.97259
-0.02896,-537.24274
-0.02896,-533.54886
-0.02896,-530.2319
-0.02893,-526.23789
-0.0289,-522.66373
-0.02888,-519.03689
-0.02886,-515.49471
-0.02883,-511.78802
-0.02881,-508.0853
-0.02881,-504.60765
-0.02879,-500.84815
-0.02876,-497.16901
-0.02874,-493.72962
-0.02872,-489.99791
-0.02869,-486.26161
-0.02865,-483.02021
-0.02865,-479.38174
-0.02859,-475.7112
-0.02859,-472.20452
-0.02857,-468.89602
-0.02854,-465.13968
-0.02854,-461.52912
-0.02852,-457.89971
-0.02852,-454.39278
-0.02848,-450.81955
-0.02845,-447.22258
-0.02843,-443.8848
-0.02841,-439.96233
-0.02841,-436.77556
-0.02838,-433.23447
-0.02836,-429.54729
-0.02831,-426.03341
-0.02829,-422.75129
-0.02829,-419.08323
-0.02827,-415.55573
-0.02823,-412.14548
-0.02821,-408.67424
-0.02821,-405.0342
-0.02819,-401.63818
-0.02816,-398.17067
-0.02814,-394.80263
-0.02812,-391.56648
-0.02809,-388.07011
-0.02805,-384.58692
-0.02802,-381.19384
-0.028,-377.7495
-0.02798,-374.27672
-0.02796,-370.85096
-0.02791,-367.31377
-0.02789,-364.20835
-0.02789,-360.77465
-0.02785,-357.3614
-0.02783,-354.01977
-0.02781,-350.46103
-0.02783,-347.29352
-0.02783,-343.78417
-0.02781,-340.28182
-0.02781,-336.96108
-0.02778,-333.81101
-0.02776,-330.33657
-0.02774,-326.88086
-0.02771,-323.70195
-0.02767,-320.42235
-0.02767,-316.94073
-0.02764,-313.73297
-0.02762,-310.55013
-0.0276,-307.39546
-0.02757,-304.20605
-0.02757,-300.75238
-0.02755,-297.64454
-0.02753,-294.30065
-0.0275,-291.14536
-0.0275,-287.92739
-0.02747,-284.74652
-0.02747,-281.58508
-0.02745,-278.31612
-0.02743,-275.2924
-0.0274,-272.16754
-0.02738,-269.11522
-0.02736,-265.97783
-0.02733,-262.82414
-0.02731,-259.84692
-0.02729,-256.66192
-0.02729,-253.55653
-0.02726,-250.47774
-0.02726,-247.52328
-0.02724,-244.07356
-0.02726,-241.80314
-0.02722,-238.38652
-0.02722,-235.40362
-0.02719,-232.45621
-0.02717,-229.48737
-0.02715,-226.66946
-0.02711,-223.67436
-0.02709,-220.66737
-0.02707,-217.72634
-0.02705,-214.8796
-0.02702,-212.07268
-0.027,-208.98964
-0.027,-206.1666
-0.02695,-203.38234
-0.02693,-200.13838
-0.02691,-197.30031
-0.02691,-194.24095
-0.02686,-191.32361
-0.02686,-188.36797
-0.02686,-185.44065
-0.02684,-182.76261
-0.02684,-179.45751
-0.02679,-176.49198
-0.02677,-173.72857
-0.02673,-170.61736
-0.02671,-167.72147
-0.02669,-164.901
-0.02666,-161.9782
-0.02666,-158.81419
-0.02664,-155.99341
-0.02664,-153.44326
-0.02662,-150.09337
-0.0266,-147.2534
-0.02657,-144.2731
-0.02657,-141.40162
-0.02655,-138.52354
-0.02655,-135.62366
-0.02653,-132.78318
-0.0265,-130.15174
-0.0265,-127.25171
-0.02648,-124.53372
-0.02646,-121.53222
-0.02646,-118.70765
-0.02643,-115.91498
-0.02639,-113.20834
-0.02639,-110.36467
-0.02635,-107.48652
-0.02633,-104.93779
-0.02631,-101.92601
-0.02628,-99.16077
-0.02628,-96.3735
-0.02626,-93.68263
-0.02626,-91.04648
-0.02624,-88.33655
-0.02621,-85.64629
-0.02621,-82.98165
-0.02617,-80.16913
-0.02617,-77.26814
-0.02615,-74.60493
-0.02612,-71.67775
-0.02612,-68.80497
-0.0261,-65.95244
-0.0261,-63.15521
-0.02608,-60.49151
-0.02608,-57.75092
-0.02605,-54.95531
-0.02603,-52.11175
-0.02603,-49.2387
-0.02603,-46.63028
-0.02597,-43.80674
-0.02597,-41.03751
-0.02597,-38.4006
-0.02593,-35.63283
-0.02593,-32.51378
-0.0259,-29.37673
-0.0259,-26.41826
-0.02588,-23.28068
-0.02586,-20.19024
-0.02583,-17.04313
-0.02581,-14.1131
-0.02579,-11.0506
-0.02576,-8.30948
-0.02576,-6.18248
-0.02574,-2.79824
-0.02572,-0.32143
-0.02569,2.60931
-0.02567,5.33217
-0.02567,7.80917
-0.02565,10.55111
-0.02563,13.21752
-0.02559,15.79911
-0.02557,18.46576
-0.02557,21.047
-0.02552,23.60108
-0.02552,26.26755
-0.0255,28.80223
-0.02548,31.11952
-0.02548,33.75773
-0.02545,36.1512
-0.02543,38.92268
-0.02545,41.3805
-0.02541,43.85984
-0.02538,46.31053
-0.02536,48.78924
-0.02531,51.21289
-0.02529,53.72025
-0.02527,56.15206
-0.02524,58.47106
-0.02522,61.0828
-0.02519,63.50547
-0.02514,65.77892
-0.02512,68.287
-0.0251,70.73842
-0.02505,73.00299
-0.02503,75.45468
-0.025,77.91674
-0.02496,80.13378
-0.02496,82.47062
-0.02493,84.84792
-0.02491,87.14877
-0.02489,89.49703
-0.02486,91.7044
-0.02484,94.13802
-0.02484,96.37107
-0.02482,98.55883
-0.02478,100.83287
-0.02476,103.09653
-0.02474,105.44545
-0.02472,107.58628
-0.02469,109.77564
-0.02469,111.96169
-0.02467,114.31096
-0.02462,116.39892
-0.02462,118.68923
-0.0246,120.79273
-0.0246,122.98845
-0.02455,125.18111
-0.02451,127.25912
-0.02448,129.37383
-0.02446,131.61984
-0.02444,133.67662
-0.02438,135.78499
-0.02438,137.81079
-0.02433,139.84375
-0.02431,141.90095
-0.02429,144.07185
-0.02424,146.15265
-0.02422,148.03029
-0.0242,150.19204
-0.02415,152.22601
-0.02413,154.34066
-0.0241,156.31496
-0.02408,158.44874
-0.02406,160.40269
-0.02403,162.51937
-0.02401,164.57767
-0.02401,166.41483
-0.02399,168.57743
-0.02395,170.53351
-0.02393,172.48795
-0.02391,174.4614
-0.02388,176.52199
-0.02386,178.41986
-0.02384,180.37464
-0.02379,182.35404
-0.02379,184.24843
-0.02377,186.2603
-0.02375,188.20594
-0.02375,190.10041
-0.02372,191.925
-0.0237,193.89928
-0.02368,195.75049
-0.02363,197.68363
-0.02363,199.60675
-0.02361,201.09821
-0.02358,203.29288
-0.02356,205.33399
-0.02353,207.11938
-0.0235,208.88803
-0.02348,210.78728
-0.02343,212.58891
-0.02341,214.41256
-0.02336,216.34717
-0.02336,217.996
-0.02334,219.89571
-0.02332,221.74811
-0.0233,223.5153
-0.02327,225.25644
-0.02327,226.91489
-0.02325,228.81496
-0.02323,230.49712
-0.02318,232.13909
-0.02318,234.00622
-0.02313,235.70532
-0.0231,237.5774
-0.02308,239.07989
-0.02303,240.69409
-0.02303,242.3719
-0.02301,244.19689
-0.02296,245.78303
-0.02298,247.59809
-0.02294,249.04919
-0.02291,250.89601
-0.02291,252.55506
-0.02287,254.09179
-0.02285,255.53808
-0.02282,257.4706
-0.0228,259.04977
-0.0228,260.68057
-0.02275,262.29633
-0.02273,263.93261
-0.02268,265.49176
-0.02265,267.04288
-0.0226,268.7161
-0.0226,270.29031
-0.02256,271.82823
-0.02253,273.41089
-0.02249,274.99647
-0.02246,276.56037
-0.02244,278.11204
-0.0224,279.67899
-0.02237,281.17678
-0.02235,282.73817
-0.02235,284.2369
-0.0223,285.74076
-0.02228,287.2739
-0.02226,288.64583
-0.02226,290.32494
-0.0222,291.81026
-0.02218,293.28674
-0.02215,294.7663
-0.02213,296.24291
-0.02211,297.69113
-0.02208,299.12348
-0.02204,300.62541
-0.02201,302.07693
-0.02199,303.34515
-0.02194,305.0403
-0.02192,306.46999
-0.0219,307.86178
-0.02188,309.39598
-0.02185,310.848
-0.02183,312.16406
-0.02183,313.55917
-0.02178,314.93242
-0.02178,316.37506
-0.02173,317.69781
-0.0217,319.23573
-0.02168,320.50468
-0.02166,321.97302
-0.02161,323.30894
-0.02159,324.72998
-0.02156,326.10694
-0.02154,327.47114
-0.02154,328.83818
-0.02152,330.23095
-0.02149,331.5607
-0.02147,332.92512
-0.02145,334.21363
-0.0214,335.56945
-0.02138,336.8866
-0.02136,338.26076
-0.02133,339.44855
-0.02133,340.89184
-0.02131,342.13323
-0.02125,343.62258
-0.02123,345.04454
-0.02121,346.03921
-0.02118,347.57878
-0.02116,348.70651
-0.02114,350.00524
-0.02114,351.31584
-0.02109,352.51147
-0.02109,353.84113
-0.02107,355.08307
-0.02107,356.28928
-0.02104,357.71541
-0.021,359.04081
-0.02098,360.33045
-0.02098,361.75525
-0.02093,362.95161
-0.02091,364.24143
-0.02086,365.5425
-0.02086,366.80597
-0.0208,368.07873
-0.02078,369.48282
-0.02076,370.74445
-0.02073,371.99093
-0.02071,373.22417
-0.02069,374.54298
-0.02066,375.84667
-0.02064,377.03257
-0.02064,378.34383
-0.02059,379.51292
-0.02055,380.83979
-0.02055,382.04663
-0.0205,383.24453
-0.02048,384.63984
-0.02043,385.67639
-0.02041,387.02433
-0.02039,388.15373
-0.02036,389.34418
-0.02034,390.79685
-0.02031,391.87888
-0.02028,393.04101
-0.02024,394.26427
-0.02021,395.37902
-0.02017,396.59295
-0.02014,397.81243
-0.0201,398.84591
-0.0201,400.11034
-0.02007,401.24444
-0.02003,402.46829
-0.02001,403.5699
-0.01996,404.75051
-0.01998,405.86421
-0.01991,407.10081
-0.01991,408.22285
-0.01987,409.22847
-0.01987,410.43613
-0.01984,411.62787
-0.01982,412.73939
-0.01979,413.92704
-0.01974,414.96576
-0.01972,416.06794
-0.01969,417.31708
-0.01965,418.3518
-0.01962,419.54403
-0.01958,420.60746
-0.01956,421.70993
-0.01953,422.79773
-0.01951,423.95738
-0.01949,425.11707
-0.01944,426.12813
-0.01942,427.1833
-0.01939,428.27142
-0.01937,429.38377
-0.01935,430.45811
-0.01929,431.46958
-0.01929,432.64939
-0.01922,433.7555
-0.0192,434.7825
-0.01917,435.87108
-0.01913,437.01176
-0.01908,438.05232
-0.01906,439.21279
-0.01904,440.24959
-0.01901,441.1672
-0.01899,442.48961
-0.01897,443.33619
-0.01894,444.41576
-0.0189,445.45235
-0.01887,446.5987
-0.01885,447.68343
-0.01885,448.77811
-0.0188,449.68628
-0.01878,450.74259
-0.01875,451.84655
-0.01872,452.83141
-0.0187,453.96403
-0.01868,454.94437
-0.01866,455.94378
-0.01861,456.85248
-0.01861,457.87124
-0.01859,458.97552
-0.01856,459.98932
-0.01854,460.98896
-0.01852,462.09338
-0.01852,463.1408
-0.01847,464.03094
-0.01845,465.19264
-0.01842,466.06392
-0.01838,467.04477
-0.01833,467.95427
-0.01831,469.09716
-0.01828,469.99726
-0.01824,471.03555
-0.01824,472.10232
-0.0182,473.11687
-0.0182,474.02175
-0.01816,475.08885
-0.01814,476.11776
-0.01809,476.99935
-0.01807,478.03791
-0.01804,478.98611
-0.01802,479.88185
-0.018,480.93959
-0.01797,481.78315
-0.01795,482.92673
-0.01793,483.82263
-0.01788,484.83818
-0.01786,485.92475
-0.01783,486.82575
-0.01781,487.79807
-0.01779,488.79902
-0.01774,489.6339
-0.01772,490.57778
-0.01767,491.46999
-0.01764,492.49974
-0.01762,493.39611
-0.01757,494.3076
-0.01755,495.28032
-0.0175,496.16337
-0.01745,497.10371
-0.01741,498.17253
-0.01738,499.13149
-0.01734,499.9526
-0.01731,500.88308
-0.01729,501.85618
-0.01727,502.81025
-0.01725,503.64995
-0.0172,504.6481
-0.01715,505.72263
-0.01713,506.45761
-0.01711,507.4596
-0.01705,508.40086
-0.01703,509.26946
-0.017,510.24819
-0.01696,511.12726
-0.01693,511.98213
-0.01691,512.95581
-0.01691,513.76648
-0.01689,514.71161
-0.01686,515.56664
-0.0168,516.39933
-0.01677,517.3308
-0.01675,518.30475
-0.0167,519.14195
-0.0167,520.05773
-0.01663,521.01059
-0.01661,521.76532
-0.01659,522.8063
-0.01656,523.65229
-0.01652,524.47504
-0.01649,525.30205
-0.01644,526.15355
-0.01641,527.11426
-0.01637,528.05177
-0.01635,528.78775
-0.0163,529.73077
-0.01625,530.7216
-0.01625,531.34193
-0.01621,532.29885
-0.01621,533.18644
-0.01616,534.05346
-0.01611,534.93964
-0.01609,535.59004
-0.01607,536.57456
-0.01607,537.43364
-0.01602,538.29144
-0.016,539.03743
-0.01595,540.00037
-0.01593,540.7369
-0.0159,541.61262
-0.01588,542.37785
-0.01586,543.27678
-0.01583,544.01344
-0.01583,544.93001
-0.01578,545.71199
-0.01576,546.68746
-0.01571,547.49823
-0.01569,548.34011
-0.01566,549.03482
-0.01564,549.93407
-0.01562,550.61372
-0.01559,551.54729
-0.01557,552.25566
-0.01552,553.12416
-0.0155,553.88991
-0.01545,554.72034
-0.01545,555.55131
-0.01541,556.38577
-0.01536,556.9776
-0.01529,557.96292
-0.01527,558.72894
-0.01525,559.46634
-0.01519,560.38323
-0.01517,561.14937
-0.01514,562.07412
-0.01517,562.84042
-0.01512,563.46136
-0.0151,564.28494
-0.0151,565.03976
-0.01505,565.89973
-0.01503,566.66609
-0.01498,567.46887
-0.01496,568.10152
-0.01494,568.954
-0.01491,569.72628
-0.01487,570.49485
-0.01484,571.2959
-0.01484,571.94579
-0.01482,572.76021
-0.01477,573.46788
-0.01477,574.27074
-0.01473,574.9918
-0.0147,575.68795
-0.01468,576.53124
-0.01466,577.2503
-0.01463,577.93701
-0.01459,578.79215
-0.01456,579.565
-0.01454,580.38936
-0.01449,581.08215
-0.01446,581.91249
-0.01444,582.65093
-0.01442,583.4372
-0.01437,584.0883
-0.01435,584.82684
-0.01432,585.60005
-0.0143,586.29085
-0.01425,587.04735
-0.01423,587.83386
-0.01421,588.49608
-0.01418,589.24081
-0.01416,589.90309
-0.01414,590.6419
-0.01411,591.41544
-0.01409,592.09693
-0.01404,592.82519
-0.01404,593.47559
-0.014,594.28401
-0.01398,594.93694
-0.01395,595.73943
-0.01393,596.43069
-0.01391,597.1411
-0.01388,597.78108
-0.01384,598.5611
-0.01384,599.20207
-0.01378,600.1796
-0.01376,600.72754
-0.01373,601.44425
-0.01366,602.24284
-0.01364,602.87701
-0.01362,603.55904
-0.01359,604.31421
-0.01359,604.85008
-0.01353,605.61416
-0.0135,606.1972
-0.01346,607.03526
-0.01343,607.69494
-0.01341,608.2528
-0.01336,608.98232
-0.01334,609.7221
-0.01329,610.40389
-0.01327,611.02888
-0.01322,611.76821
-0.01318,612.52056
-0.01311,613.04269
-0.01309,613.76358
-0.01303,614.46488
-0.01298,615.17582
-0.01296,615.91599
-0.01291,616.54087
-0.01289,617.14706
-0.01287,617.91606
-0.0128,618.70685
-0.01277,619.24281
-0.01275,619.79167
-0.0127,620.55095
-0.01266,621.16993
-0.01261,621.85272
-0.01257,622.52927
-0.01254,623.08461
-0.0125,623.76126
-0.01245,624.52092
-0.01243,625.17544
-0.01238,625.77235
-0.01233,626.51303
-0.01229,627.10372
-0.01225,627.74558
-0.01223,628.29489
-0.01218,629.1412
-0.01214,629.77999
-0.01212,630.31022
-0.01209,630.95228
-0.01205,631.64869
-0.012,632.36114
-0.01195,632.90114
-0.01193,633.56572
-0.01191,634.17283
-0.01186,634.90467
-0.01184,635.5406
-0.01184,636.10616
-0.01179,636.79021
-0.01177,637.28243
-0.01174,637.76194
-0.0117,638.54514
-0.01168,639.15248
-0.01165,639.79507
-0.01163,640.3737
-0.01158,641.07728
-0.01154,641.64978
-0.01154,642.15798
-0.01149,642.76582
-0.01147,643.36378
-0.01144,643.97786
-0.01139,644.65604
-0.01136,645.24144
-0.01134,645.80115
-0.01129,646.42846
-0.01127,647.08415
-0.01123,647.65705
-0.01123,648.29969
-0.01118,648.89841
-0.01116,649.48707
-0.01116,650.10098
-0.01111,650.72861
-0.01111,651.2754
-0.01106,651.7688
-0.01104,652.39597
-0.01102,653.00397
-0.01099,653.51307
-0.01095,654.16313
-0.0109,654.68554
-0.01085,655.41909
-0.01081,655.98295
-0.01074,656.57637
-0.01072,657.15584
-0.01069,657.74198
-0.01065,658.3636
-0.0106,658.93435
-0.01055,659.39957
-0.01053,659.96001
-0.01047,660.60769
-0.01045,661.16819
-0.01043,661.71911
-0.01038,662.27093
-0.01036,662.87952
-0.01031,663.39303
-0.01029,663.98248
-0.01024,664.55368
-0.0102,665.17583
-0.01015,665.64153
-0.0101,666.2417
-0.01006,666.81598
-0.01001,667.35864
-0.00996,667.98778
-0.00992,668.5334
-0.00987,669.10503
-0.00983,669.64113
-0.0098,670.20892
-0.00976,670.7451
-0.00973,671.28415
-0.00971,671.80684
-0.00966,672.33071
-0.00964,672.80542
-0.00957,673.28532
-0.00955,673.92342
-0.00949,674.58198
-0.00944,674.99078
-0.0094,675.61381
-0.00938,676.16557
-0.00933,676.77629
-0.00928,677.3198
-0.00926,677.79478
-0.00921,678.3672
-0.00919,678.92874
-0.00917,679.40379
-0.00912,679.84177
-0.00907,680.47205
-0.00905,680.97602
-0.009,681.38529
-0.00896,681.97999
-0.00891,682.56239
-0.00887,683.15718
-0.00882,683.78776
-0.0088,684.1477
-0.00875,684.6726
-0.0087,685.24563
-0.0087,685.68797
-0.00866,686.31185
-0.00861,686.69267
-0.00861,687.28892
-0.00856,687.72751
-0.00852,688.24576
-0.00847,688.71329
-0.00845,689.32352
-0.0084,689.76227
-0.00835,690.41535
-0.0083,690.86381
-0.00828,691.3876
-0.00823,691.94197
-0.00818,692.38093
-0.00816,692.74125
-0.00811,693.37271
-0.00807,693.75669
-0.00802,694.31127
-0.00798,694.82041
-0.00795,695.36107
-0.00791,695.89916
-0.00786,696.29032
-0.00784,696.84331
-0.00781,697.27824
-0.00779,697.8024
-0.00774,698.32845
-0.00767,698.81088
-0.00767,699.18629
-0.00763,699.67654
-0.00758,700.23163
-0.00751,700.71426
-0.00749,701.13274
-0.00747,701.66677
-0.00742,702.13539
-0.00735,702.69524
-0.00733,703.09457
-0.00728,703.62109
-0.00723,704.00322
-0.00719,704.52274
-0.00714,705.02051
-0.00712,705.51627
-0.00706,705.90817
-0.00704,706.35583
-0.00702,706.89019
-0.00699,707.3739
-0.00695,707.88403
-0.00695,708.29824
-0.00688,708.72387
-0.00688,709.21518
-0.00683,709.59771
-0.00681,710.10334
-0.00678,710.55833
-0.00676,711.0351
-0.00671,711.50448
-0.00669,711.92348
-0.00664,712.34475
-0.00662,712.82162
-0.0066,713.31778
-0.00658,713.77541
-0.00651,714.23046
-0.00646,714.75792
-0.00644,715.20601
-0.00641,715.7095
-0.00637,716.06602
-0.00634,716.44427
-0.0063,716.93579
-0.00625,717.34781
-0.0062,717.90446
-0.00618,718.45876
-0.00616,718.69495
-0.00609,719.17942
-0.00604,719.62055
-0.00602,720.09783
-0.006,720.3823
-0.00595,720.9103
-0.00593,721.24301
-0.0059,721.59264
-0.00586,722.05562
-0.00579,722.52116
-0.00576,723.02518
-0.00574,723.3387
-0.0057,723.78253
-0.00565,724.25297
-0.00563,724.61478
-0.00558,725.08529
-0.00553,725.64266
-0.00549,726.07701
-0.00549,726.34713
-0.00541,726.8324
-0.00541,727.2183
-0.00538,727.64545
-0.00534,728.00275
-0.00529,728.56038
-0.00525,728.9081
-0.0052,729.33073
-0.00518,729.77963
-0.00513,730.14442
-0.00511,730.56442
-0.00506,731.09334
-0.00504,731.42653
-0.00501,731.91185
-0.00494,732.15639
-0.0049,732.72636
-0.00487,733.07665
-0.00485,733.44854
-0.00483,733.76253
-0.00476,734.24857
-0.00474,734.72673
-0.00469,735.06293
-0.00462,735.54911
-0.00455,736.00639
-0.0045,736.40065
-0.00446,736.75857
-0.00441,737.23015
-0.00436,737.58588
-0.00432,738.00184
-0.00432,738.37851
-0.00427,738.74399
-0.00425,739.1645
-0.00418,739.60284
-0.00416,739.99443
-0.00409,740.46184
-0.00406,740.75464
-0.00402,741.19016
-0.00397,741.58485
-0.00392,741.9216
-0.0039,742.31332
-0.00386,742.5847
-0.00381,743.03749
-0.00376,743.28738
-0.00374,743.76617
-0.00369,744.19007
-0.00365,744.56787
-0.0036,745.04017
-0.00355,745.32886
-0.00351,745.84208
-0.00346,746.17917
-0.00344,746.52281
-0.00339,746.99529
-0.00335,747.24763
-0.00328,747.62883
-0.00325,748.08642
-0.00321,748.38717
-0.00315,748.78248
-0.00313,749.17462
-0.00308,749.58933
-0.00303,749.87836
-0.00301,750.32859
-0.00297,750.60048
-0.00294,751.02926
-0.0029,751.5043
-0.00285,751.64838
-0.00283,752.12774
-0.00276,752.36433
-0.00273,752.7739
-0.00266,753.23306
-0.00262,753.56318
-0.00257,753.95893
-0.00255,754.35139
-0.0025,754.68915
-0.00248,755.06229
-0.00243,755.42914
-0.00239,755.83682
-0.00236,756.08213
-0.00234,756.4747
-0.00229,756.7352
-0.00225,757.17202
-0.00222,757.46578
-0.00218,757.90266
-0.00215,758.2255
-0.00211,758.64308
-0.00206,758.95213
-0.00206,759.31029
-0.00204,759.64496
-0.00197,759.97899
-0.00195,760.29433
-0.00192,760.58826
-0.00188,760.94792
-0.00181,761.40795
-0.00176,761.74626
-0.00171,761.97809
-0.00169,762.34196
-0.00164,762.7094
-0.00158,763.162
-0.00155,763.51422
-0.00151,763.87411
-0.00146,764.18356
-0.00141,764.46398
-0.00137,764.88207
-0.00134,765.17629
-0.00127,765.47211
-0.00123,765.86123
-0.0012,766.078
-0.00116,766.48654
-0.00111,766.79621
-0.00107,767.24357
-0.00102,767.5533
-9.73E-04,767.83167
-9.27E-04,768.19652
-8.80E-04,768.44587
-8.57E-04,768.85123
-7.88E-04,769.23387
-7.41E-04,769.57053
-6.95E-04,769.84828
-6.25E-04,770.28997
-6.02E-04,770.57913
-5.56E-04,770.7988
-5.10E-04,771.19299
-4.63E-04,771.45225
-4.40E-04,771.81905
-3.71E-04,772.17292
-3.48E-04,772.4428
-3.01E-04,772.77972
-2.55E-04,773.05772
-2.09E-04,773.33574
-1.62E-04,773.70184
-1.16E-04,774.009
-6.95E-05,774.26808
-2.32E-05,774.65313
2.32E-05,774.94128
6.95E-05,775.27788
9.27E-05,775.6451
1.39E-04,775.96234
1.85E-04,776.21147
2.09E-04,776.50175
2.55E-04,776.73152
2.78E-04,777.02105
3.71E-04,777.42322
4.17E-04,777.75979
4.40E-04,777.97176
5.10E-04,778.26881
5.56E-04,778.54723
6.02E-04,779.00038
6.49E-04,779.27962
7.18E-04,779.57603
7.41E-04,779.87546
7.88E-04,780.09653
8.11E-04,780.39599
8.57E-04,780.70369
9.03E-04,781.04054
9.27E-04,781.1952
9.96E-04,781.65686
0.00102,781.73386
0.00104,782.02136
0.00109,782.36145
0.00113,782.69375
0.00116,782.85316
0.0012,783.24377
0.00123,783.53917
0.00127,783.87155
0.00132,784.01754
0.00134,784.30516
0.00139,784.59688
0.00144,784.90804
0.00148,785.2114
0.00151,785.42921
0.00155,785.76175
0.00158,786.08646
0.00162,786.43847
0.00164,786.67764
0.00169,787.09585
0.00171,787.2476
0.00176,787.56869
0.00181,787.77319
0.00185,788.0476
0.00188,788.31415
0.00195,788.53445
0.00197,788.77373
0.00202,789.08524
0.00206,789.46666
0.00208,789.70598
0.00215,790.03333
0.00218,790.2514
0.00222,790.55514
0.00227,790.8668
0.00229,791.04786
0.00234,791.25261
0.00239,791.62267
0.00241,791.83293
0.00246,792.14469
0.0025,792.41941
0.00252,792.76585
0.00255,793.06186
0.00259,793.12268
0.00264,793.59989
0.00266,793.7227
0.00271,794.01517
0.00273,794.21581
0.00278,794.58613
0.00283,794.82029
0.0029,795.07034
0.00292,795.3294
0.00297,795.53444
0.00301,795.8094
0.00306,796.10204
0.0031,796.43542
0.00315,796.52377
0.00319,796.98191
0.00321,797.24108
0.00326,797.35866
0.00328,797.54
0.00335,797.8195
0.00337,798.04952
0.0034,798.32644
0.00344,798.67947
0.00349,798.88474
0.00353,799.11128
0.00356,799.46614
0.0036,799.79979
0.00363,800.03788
0.00367,800.15738
0.00372,800.25566
0.00377,800.73368
0.00381,800.93111
0.00384,801.14006
0.00388,801.39595
0.0039,801.57746
0.00395,801.91927
0.004,802.00791
0.00404,802.26386
0.00409,802.51809
0.00414,802.84052
0.00418,803.17446
0.00423,803.37031
0.00425,803.55191
0.0043,803.8452
0.00434,804.04284
0.00437,804.31042
0.00441,804.50808
0.00446,804.62607
0.00448,804.92466
0.00453,805.14986
0.00455,805.39001
0.00462,805.64103
0.00465,805.82101
0.00469,806.07724
0.00474,806.55593
0.00476,806.63046
0.00481,806.88503
0.00485,807.17058
0.0049,807.34721
0.00495,807.57259
0.00499,807.77046
0.00504,808.00563
0.00506,808.26543
0.00511,808.66638
0.00513,808.71172
0.00518,808.91771
0.00523,809.12371
0.00525,809.32507
0.00529,809.58156
0.00534,809.7291
0.00539,809.9059
0.00543,810.1917
0.00547,810.53434
0.00552,810.7112
0.00556,810.90927
0.00559,811.17732
0.00563,811.31689
0.00568,811.63037
0.00572,811.96508
0.00577,812.00545
0.00582,812.34827
0.00584,812.53029
0.00591,812.70392
0.00593,812.90548
0.006,813.07915
0.00603,813.34736
0.00607,813.51633
0.00612,813.66411
0.00616,813.99902
0.00621,814.23467
0.00623,814.41679
0.00628,814.59391
0.00633,814.80033
0.00637,814.99867
0.0064,815.21821
0.00647,815.54828
0.00649,815.64259
0.00654,815.74169
0.00656,816.06058
0.0066,816.3957
0.00665,816.51437
0.0067,816.69163
0.00674,816.97799
0.00679,817.18459
0.00684,817.41073
0.00688,817.63854
0.00695,817.89074
0.00698,818.02255
0.00702,818.29925
0.00705,818.38224
0.00708,818.55151
0.00713,818.69962
0.00715,818.96988
0.00722,819.1929
0.00727,819.34104
0.00731,819.58855
0.00736,819.85398
0.00741,819.9533
0.00745,820.15199
0.0075,820.32952
0.00754,820.54778
0.00757,820.76768
0.00759,820.89149
0.00764,821.09839
0.00768,821.29715
0.00771,821.54643
0.00778,821.6035
0.00782,821.90984
0.00785,822.14939
0.00792,822.3727
0.00794,822.58456
0.00801,822.71991
0.00805,822.89923
0.00808,823.08018
0.00812,823.41599
0.00817,823.40793
0.00819,823.61986
0.00824,823.87587
0.00829,824.14168
0.00831,824.17759
0.00835,824.58037
0.00839,824.58373
0.00844,824.92787
0.00848,824.96059
0.00853,825.19715
0.00858,825.512
0.00862,825.57409
0.00867,825.72264
0.00869,825.96406
0.00876,826.12902
0.00879,826.39823
0.00883,826.59736
0.00888,826.80469
0.00892,827.00385
0.00897,827.0742
0.00899,827.28634
0.00904,827.54267
0.00909,827.77945
0.00913,827.91994
0.00918,828.04906
0.00923,828.19778
0.00925,828.29251
0.00932,828.5164
0.00936,828.8038
0.00941,828.89382
0.00943,829.16483
0.00947,829.25486
0.00952,829.49179
0.00956,829.52465
0.00959,829.74517
0.00966,830.07694
0.0097,830.02167
0.00979,830.32095
0.00982,830.42398
0.00986,830.74096
0.00991,830.94863
0.00996,831.14652
0.00998,831.25115
0.01005,831.41654
0.01007,831.62897
0.01014,831.76499
0.01017,831.87788
0.01023,832.11348
0.01028,832.32127
0.01033,832.45067
0.01037,832.62084
0.01042,832.82867
0.01047,832.9777
0.0105,833.17731
0.01055,833.27735
0.01062,833.52134
0.01067,833.81748
0.01071,833.87989
0.01076,834.07802
0.0108,834.16986
0.01087,834.31588
0.01092,834.54347
0.01099,834.73855
0.01101,834.87275
0.01106,835.12981
0.01111,835.20053
0.01115,835.40032
0.0112,835.54953
0.01124,835.67087
0.01129,835.95744
0.01134,836.0282
0.01138,836.11031
0.01142,836.26939
0.01144,836.50178
0.01149,836.63143
0.01154,836.88867
0.01158,836.9512
0.01163,837.18883
0.01167,837.30044
0.0117,837.46267
0.01174,837.75096
0.01179,837.84143
0.01184,838.00062
0.01191,838.05859
0.01193,838.32056
0.01198,838.42088
0.01202,838.5031
0.01207,838.81943
0.01209,838.95382
0.01216,839.11984
0.01221,839.32822
0.01224,839.43994
0.01231,839.58637
0.01236,839.76532
0.01238,839.99797
0.01245,840.1739
0.0125,840.29397
0.01252,840.34003
0.01254,840.66112
0.01261,840.63083
0.01264,840.82273
0.01271,840.93979
0.01275,841.08107
0.0128,841.28962
0.01282,841.44378
0.01287,841.48532
0.01292,841.72338
0.01298,841.94029
0.01301,842.1028
0.01302,842.17838
0.01309,842.34468
0.01314,842.46488
0.01321,842.69017
0.01325,842.75293
0.0133,842.96162
0.01335,843.21948
0.01339,843.34123
0.01341,843.49551
0.01346,843.53712
0.01353,843.90018
0.01358,843.9713
0.01362,844.08327
0.01367,844.26257
0.01372,844.33371
0.01374,844.43888
0.01375,844.59322
0.0138,844.80206
0.01384,844.97308
0.01389,845.20163
0.01394,845.27282
0.01398,845.4242
0.01405,845.66946
0.0141,845.7997
0.01415,845.81188
0.01419,846.0912
0.01424,846.22146
0.01426,846.40542
0.01431,846.52586
0.01435,846.55924
0.0144,846.84698
0.01445,846.94776
0.01448,847.08941
0.01453,847.24926
0.01458,847.39928
0.0146,847.52425
0.01465,847.70382
0.01469,847.84551
0.01476,847.88431
0.01481,848.09344
0.01485,848.2647
0.01492,848.34289
0.01499,848.6574
0.01502,848.73172
0.01506,848.85379
0.01511,848.95468
0.01513,849.12897
0.01519,849.3057
0.01521,849.48986
0.01526,849.50214
0.01533,849.60996
0.01535,849.79414
0.01542,849.91182
0.01547,850.06203
0.01552,850.2221
0.01556,850.39352
0.01559,850.58613
0.01565,850.77431
0.01572,850.88221
0.01575,850.87778
0.01578,851.10837
0.01583,851.20939
0.01588,851.38925
0.01592,851.48191
0.01597,851.68151
0.01602,851.7037
0.01606,851.9048
0.01611,851.94671
0.01617,852.10545
0.01627,852.4062
0.01627,852.46535
0.01637,852.6281
0.01636,852.73804
0.0164,852.91803
0.01645,853.09803
0.01649,853.16118
0.01654,853.20314
0.01661,853.47886
0.01665,853.68011
0.0167,853.66291
0.01675,853.93175
0.01679,854.04425
0.01682,854.18782
0.01689,854.38473
0.01693,854.41833
0.01698,854.59846
0.01701,854.7406
0.01706,854.97996
0.01708,854.99677
0.01713,855.25588
0.0172,855.23579
0.01722,855.44997
0.01727,855.54136
0.01732,855.72157
0.01736,855.78482
0.01741,855.94532
0.01745,856.1369
0.0175,856.23819
0.01755,856.41847
0.01761,856.50699
0.01765,856.67887
0.0177,856.72095
0.01777,857.00697
0.01782,857.12806
0.01788,857.28721
0.01793,857.41819
0.01798,857.53931
0.018,857.72405
0.01805,857.85506
0.01809,857.93815
0.01813,858.03954
0.01815,858.33297
0.0182,858.37511
0.01825,858.58519
0.01829,858.64855
0.01836,858.81625
0.01841,858.91769
0.01845,859.0601
0.0185,859.13191
0.01855,859.25314
0.01859,859.45487
0.01862,859.53947
0.01865,859.62263
0.01868,859.73689
0.01875,859.93433
0.01879,860.04716
0.01884,860.22774
0.01888,860.32082
0.01893,860.50143
0.01898,860.5733
0.01902,860.68617
0.01907,860.92613
0.01912,860.99802
0.01914,861.12368
0.01916,861.25922
0.01922,861.42714
0.01924,861.47371
0.01929,861.68407
0.01934,861.80545
0.01938,861.8986
0.01945,861.97755
0.01948,862.09193
0.01955,862.36873
0.01959,862.52126
0.01964,862.56355
0.01968,862.67652
0.01972,862.82764
0.01977,862.89962
0.01984,863.12704
0.01988,863.24994
0.01991,863.29512
0.01995,863.38834
0.02005,863.58184
0.02009,863.5959
0.02014,863.79658
0.0202,863.97462
0.02022,864.02124
0.02029,864.2191
0.02034,864.26144
0.02036,864.46647
0.02041,864.59792
0.02045,864.66151
0.02052,864.72081
0.02059,864.93854
0.02064,865.04032
0.02066,865.28502
0.0207,865.26798
0.02074,865.44053
0.02079,865.59186
0.02081,865.66824
0.02086,865.90872
0.02091,865.95112
0.02095,866.03457
0.021,866.21565
0.02102,866.32177
0.02107,866.36419
0.02111,866.56654
0.02115,866.71794
0.0212,866.79009
0.02124,866.85376
0.02129,867.11419
0.02131,867.22034
0.02136,867.34207
0.02141,867.41425
0.02143,867.62943
0.0215,867.90691
0.02152,867.87435
0.02157,867.91682
0.0216,868.05982
0.02165,868.1816
0.0217,868.28355
0.02174,868.37702
0.02179,868.5583
0.02181,868.74383
0.02188,868.8529
0.02193,868.98464
0.02197,869.04839
0.022,869.23255
0.02204,869.35581
0.02206,869.44082
0.0221,869.35583
0.02215,869.4281
0.02217,869.69305
0.02222,869.85459
0.02227,869.89713
0.02229,869.99349
0.02234,870.1749
0.02238,870.31806
0.02243,870.44989
0.02245,870.54627
0.0225,870.64836
0.02256,870.90638
0.0226,870.94043
0.02263,871.07512
0.0227,871.19427
0.02272,871.29068
0.02277,871.42258
0.02281,871.53604
0.02286,871.6878
0.02288,871.73462
0.02294,871.88358
0.02299,872.03537
0.02306,872.12481
0.02308,872.28082
0.02315,872.37027
0.0232,872.46253
0.02326,872.60303
0.02331,872.6953
0.02336,872.79751
0.02339,872.94084
0.02344,873.15229
0.02349,873.33396
0.02353,873.45746
0.02358,873.57957
0.02367,873.59677
0.02372,873.78842
0.02376,874.04108
0.0238,874.08375
0.02387,874.1733
0.02389,874.35926
0.02394,874.40195
0.02399,874.58373
0.02403,874.64769
0.02408,874.8295
0.0241,874.98569
0.02415,875.05821
0.02421,875.118
0.02425,875.20186
0.02428,875.31693
0.02432,875.32129
0.02437,875.53297
0.02442,875.65521
0.02446,875.68939
0.02451,875.76194
0.02456,876.00349
0.02461,876.10449
0.02466,876.23671
0.02471,876.38882
0.02475,876.56222
0.02478,876.61771
0.0248,876.7243
0.02487,876.80406
0.02492,876.96616
0.02496,876.97054
0.025,877.06303
0.02507,877.15275
0.02511,877.35606
0.02516,877.45853
0.02521,877.70026
0.02525,877.73449
0.0253,877.88672
0.02532,877.98343
0.02537,877.99638
0.02543,878.22545
0.02548,878.26826
0.02552,878.30251
0.02557,878.46473
0.02564,878.60429
0.02566,878.73089
0.02571,878.83343
0.02575,878.89755
0.02579,879.10958
0.02581,879.29593
0.02586,879.38854
0.02591,879.49112
0.02595,879.55526
0.02597,879.68191
0.02604,879.80165
0.02609,879.84451
0.02614,879.93715
0.02617,880.11084
0.02622,880.18358
0.02627,880.19658
0.02631,880.37029
0.02636,880.64223
0.02638,880.6295
0.02645,880.77918
0.02647,880.84614
0.02652,880.91891
0.02653,880.96595
0.02658,881.11842
0.02663,881.25098
0.02667,881.365
0.02672,881.37802
0.02677,881.54049
0.02679,881.63736
0.02686,881.83694
0.0269,881.87128
0.02692,881.97675
0.02696,882.10078
0.02701,882.2035
0.02706,882.29627
0.02708,882.37324
0.02713,882.49591
0.02715,882.54299
0.0272,882.69558
0.02724,882.72994
0.02728,882.8626
0.0273,882.84988
0.02735,883.00249
0.02739,883.12658
0.02744,883.16955
0.02749,883.40195
0.02751,883.47896
0.02758,883.50921
0.0276,883.69591
0.02764,883.68904
0.02769,883.8118
0.02773,883.92596
0.02778,884.08863
0.02785,884.25853
0.02789,884.35278
0.02794,884.5055
0.02798,884.62831
0.02802,884.72258
0.02805,884.85812
0.02809,885.01225
0.02812,885.08795
0.02816,885.09244
0.02823,885.15268
0.02828,885.28551
0.0283,885.35261
0.02832,885.48957
0.02836,885.56254
0.02843,885.70263
0.02848,885.80556
0.02852,885.94978
0.02857,886.10263
0.02861,885.96739
0.02866,886.07033
0.02867,886.25725
0.02874,886.36745
0.02877,886.45318
0.02881,886.45768
0.02886,886.76033
0.02888,886.77756
0.02891,886.91324
0.02898,887.03347
0.02901,887.06793
0.02903,887.22497
0.02908,887.37791
0.02913,887.48093
0.02917,887.51541
0.02922,887.71831
0.02929,887.86855
0.02934,887.8817
0.02937,887.97612
0.0294,888.14184
0.02944,888.25626
0.02951,888.28666
0.02956,888.4197
0.02958,888.48691
