0,0
7.00E-05,20.09503
1.90E-04,47.37254
3.10E-04,73.77308
4.30E-04,93.77375
5.30E-04,111.4572
6.30E-04,129.1442
7.40E-04,143.5216
8.40E-04,153.3702
9.40E-04,162.88924
0.00106,166.55597
0.00116,165.90942
0.00126,166.25762
0.00137,168.15534
0.00146,167.50705
0.00155,166.96923
0.00166,168.97815
0.00176,168.66323
0.00186,167.02091
0.00196,169.02876
0.00206,169.48816
0.00216,168.288
0.00226,168.74741
0.00236,170.53488
0.00246,169.66649
0.00256,169.01929
0.00266,170.91802
0.00276,170.93506
0.00286,169.2913
0.00296,170.85843
0.00306,171.7614
0.00316,170.56023
0.00324,171.46165
0.00335,173.25285
0.00345,171.49754
0.00355,171.40383
0.00366,172.97395
0.00375,172.54618
0.00385,171.5659
0.00395,173.4673
0.00405,174.03884
0.00415,172.83667
0.00425,173.40826
0.00435,175.1997
0.00445,173.88638
0.00455,173.90369
0.00465,175.47387
0.00475,174.16018
0.00484,173.95389
0.00495,175.63722
0.00505,175.87663
0.00514,174.67167
0.00525,176.46655
0.00535,177.37208
0.00545,175.83561
0.00554,176.29717
0.00564,177.09191
0.00574,176.7764
0.00583,175.12646
0.00594,179.36599
0.00606,178.3877
0.00614,175.62478
0.00622,177.30514
0.00633,180.21326
0.00644,178.45508
0.00655,178.1412
0.00664,179.71308
0.00674,178.84173
0.00684,178.41485
0.00694,180.3225
0.00703,180.33862
0.00713,179.80234
0.00724,180.60043
0.00734,180.8408
0.00743,179.63344
0.00753,180.65242
0.00763,182.22786
0.00773,180.79955
0.00784,180.93055
0.00794,182.5065
0.00803,181.52114
0.00813,181.31654
0.00823,183.44953
0.00833,183.57906
0.00842,182.03852
0.00852,183.28141
0.00862,183.96775
0.00872,183.09501
0.00882,183.22455
0.00892,185.02501
0.00902,183.92931
0.00912,183.50187
0.00922,185.63716
0.00932,185.09836
0.00942,184.00222
0.0095,185.80196
0.0096,186.37771
0.00971,184.94875
0.00981,186.082
0.00992,187.10582
0.01001,185.78431
0.01011,186.13728
0.01021,187.38262
0.01031,186.50878
0.01041,185.96944
0.0105,188.33082
0.0106,187.79155
0.0107,186.58262
0.01081,188.05378
0.0109,188.85183
0.011,187.86588
0.0111,188.33101
0.0112,189.35446
0.0113,188.59158
0.01139,188.49855
0.01149,190.30408
0.01158,189.42749
0.01168,188.88771
0.01179,190.58394
0.01189,190.93796
0.01199,189.61599
0.01209,190.30521
0.01219,191.77687
0.01228,190.67812
0.01239,190.25172
0.01248,192.05729
0.01258,191.74085
0.01269,190.53172
0.01277,192.55959
0.01288,192.80417
0.01299,191.59479
0.01307,192.61852
0.01317,193.42061
0.01327,192.43279
0.01338,193.01313
0.01347,194.3731
0.01357,193.27314
0.01367,193.29221
0.01376,195.43804
0.01386,194.56175
0.01396,193.46136
0.01406,195.15996
0.01417,195.62905
0.01426,193.63059
0.01436,194.99369
0.01446,196.24504
0.01455,194.80808
0.01465,195.27542
0.01475,197.08739
0.01485,196.21036
0.01495,195.78142
0.01505,196.9215
0.01514,197.16507
0.01524,195.61508
0.01534,197.0918
0.01544,198.00819
0.01554,196.79422
0.01565,197.60055
0.01575,199.19019
0.01583,197.41318
0.01593,197.09608
0.01604,200.14654
0.01615,199.49499
0.01624,196.81957
0.01632,197.62061
0.01641,199.99692
0.01653,199.23482
0.01663,199.70343
0.01673,200.50895
0.01682,199.29165
0.01693,199.76235
0.01702,201.2419
0.01712,200.70013
0.01722,199.70896
0.01731,202.19793
0.01741,201.20672
0.01752,200.55433
0.01761,202.14718
0.0177,202.72693
0.0178,200.94865
0.0179,202.20478
0.01801,203.0135
0.01811,201.7968
0.0182,201.36688
0.0183,203.63553
0.0184,203.2057
0.01849,202.43641
0.0186,204.03294
0.01868,203.82599
0.01878,202.94602
0.01889,204.09302
0.01898,204.89868
0.01908,203.4559
0.01918,203.59039
0.01927,205.74688
0.01937,204.64141
0.01947,204.88664
0.01957,206.70811
0.01968,205.82962
0.01976,204.49648
0.01985,206.54165
0.01996,206.78919
0.02006,205.23248
0.02017,206.94441
0.02026,207.97867
0.02036,205.9709
0.02046,206.66719
0.02056,207.70172
0.02065,206.59296
0.02074,206.83863
0.02085,207.98822
0.02095,207.44489
0.02105,206.45042
0.02114,208.61316
0.02124,209.08467
0.02133,207.52411
0.02143,208.4468
0.02154,209.82293
0.02162,207.81069
0.02173,208.84853
0.02183,210.22306
0.02192,208.77451
0.02202,209.35925
0.02211,211.52431
0.02222,210.07957
0.02231,209.1949
0.02242,210.91101
0.02251,211.27039
0.02261,209.14539
0.0227,211.08376
0.0228,211.66914
0.0229,210.56022
0.023,211.14772
0.0231,212.41119
0.0232,210.963
0.0233,211.43564
0.02339,212.47346
0.02349,211.92907
0.02359,211.15849
0.02368,213.0989
0.02378,213.23277
0.02388,212.23802
0.02398,213.16341
0.02408,214.08899
0.02418,212.63951
0.02427,212.8865
0.02437,214.94358
0.02447,213.38061
0.02457,213.17513
0.02466,215.23284
0.02475,214.34636
0.02486,213.80345
0.02496,215.52222
0.02506,215.54535
0.02515,213.86601
0.02525,215.13237
0.02535,216.05926
0.02544,214.72133
0.02554,215.08205
0.02563,216.57344
0.02574,215.80367
0.02582,215.48272
0.02593,217.3187
0.02603,216.65998
0.02613,216.00113
0.02621,217.38011
0.02632,217.51675
0.02642,216.29098
0.02652,217.33238
0.02662,218.60288
0.02672,216.92325
0.02681,217.50928
0.0269,218.77802
0.027,217.66506
0.0271,217.2325
0.0272,219.18226
0.02729,218.52283
0.02739,217.52286
0.0275,219.36186
0.02759,219.38107
0.02768,218.04037
0.02778,219.76429
0.02788,220.01272
0.02798,218.89876
0.02807,219.71487
0.02816,220.98324
0.02826,219.52833
0.02836,219.77896
0.02846,222.18576
0.02856,220.73052
0.02867,219.73158
0.02875,221.00067
0.02885,221.24941
0.02895,219.7935
0.02904,221.2924
0.02914,222.10959
0.02924,221.10804
0.02934,221.81165
0.02943,223.08392
0.02954,221.40203
0.02963,221.76255
0.02972,223.37638
0.02981,222.71342
0.02992,221.94089
0.03002,223.44143
0.03011,223.00799
0.03021,222.34689
0.03031,224.07548
0.0304,224.55247
0.0305,222.52543
0.0306,223.68537
0.0307,224.96155
0.0308,223.84478
0.03089,223.52271
0.03098,225.59421
0.03109,224.36546
0.03118,224.27113
0.03128,225.88765
0.03138,226.02565
0.03147,224.10849
0.03158,225.61367
0.03167,226.09136
0.03176,224.74347
0.03186,225.33513
0.03196,226.955
0.03206,225.95097
0.03215,225.97067
0.03225,227.47705
0.03234,226.2425
0.03244,224.89587
0.03255,227.43127
0.03265,228.47991
0.03274,225.19152
0.03282,226.34983
0.03291,228.53961
0.03301,227.53474
0.03313,227.44703
0.03321,228.26576
0.03331,227.14641
0.03341,227.16838
0.0335,229.13117
0.0336,228.01156
0.0337,227.46267
0.03379,229.54024
0.03389,229.33401
0.03399,227.87131
0.03409,228.92363
0.03419,230.43094
0.03428,227.82313
0.03437,229.10207
0.03447,230.49552
0.03458,229.60571
0.03467,228.94209
0.03476,231.13387
0.03487,230.4725
0.03495,229.12055
0.03505,231.20084
0.03515,231.22316
0.03524,229.30129
0.03535,231.04129
0.03543,231.74768
0.03553,230.74047
0.03564,230.87938
0.03573,232.84681
0.03582,231.37943
0.03592,230.71511
0.03601,232.56861
0.03612,232.59329
0.03621,230.6674
0.0363,232.40694
0.03639,233.34308
0.03649,231.99149
0.03659,233.04677
0.0367,233.75868
0.03679,232.06083
0.03689,232.42911
0.03698,233.93858
0.03707,233.27369
0.03717,232.2649
0.03728,234.35227
0.03737,234.14563
0.03746,232.90512
0.03756,234.18848
0.03766,234.90115
0.03775,232.97243
0.03785,234.14374
0.03794,234.96675
0.03804,233.72784
0.03813,234.20912
0.03824,235.72512
0.03833,235.28667
0.03842,234.50621
0.03852,236.0204
0.03861,236.04311
0.03871,234.57391
0.03881,235.97376
0.03891,236.45787
0.03901,234.87346
0.03911,235.81451
0.03919,237.55719
0.03929,235.97242
0.03939,235.7677
0.03948,237.62571
0.03959,237.07652
0.03967,236.17805
0.03977,237.57935
0.03987,237.37467
0.03996,235.78653
0.04007,237.53522
0.04015,238.47517
0.04026,236.77628
0.04035,237.71863
0.04045,238.66116
0.04055,237.30439
0.04064,236.75226
0.04073,238.61263
0.04083,238.75055
0.04093,237.85562
0.04103,239.02873
0.04111,239.62457
0.04121,238.03688
0.04131,238.86515
0.0414,239.80863
0.04151,238.79819
0.04162,239.86155
0.0417,239.76485
0.04178,238.28905
0.04187,238.42475
0.04197,240.98061
0.04208,241.12349
0.04217,239.18658
0.04226,240.47639
0.04236,241.19053
0.04246,239.83134
0.04255,240.31514
0.04265,241.83596
0.04275,240.24828
0.04285,240.73225
0.04294,242.8298
0.04304,241.46993
0.04314,240.5709
0.04322,242.55141
0.04333,242.23108
0.04342,240.52471
0.04352,241.7009
0.04361,242.76198
0.0437,241.62953
0.04381,241.65497
0.0439,244.10065
0.04399,242.50651
0.04408,241.72205
0.04418,243.36066
0.04428,242.80925
0.04438,241.90917
0.04447,243.77679
0.04456,244.49272
0.04466,242.43807
0.04475,243.38491
0.04486,244.33427
0.04495,243.20282
0.04505,243.11058
0.04514,245.09503
0.04523,243.96333
0.04534,243.1803
0.04543,245.05212
0.04553,244.61334
0.04562,243.36558
0.04572,244.89123
0.04581,245.60811
0.0459,243.89537
0.04601,244.73021
0.0461,245.90972
0.04619,244.31213
0.04629,244.68469
0.04639,246.5584
0.04647,245.88564
0.04657,244.75244
0.04666,246.3953
0.04677,246.53687
0.04686,244.94056
0.04696,246.23677
0.04706,247.18606
0.04715,245.70509
0.04724,245.72619
0.04734,247.83559
0.04744,246.47002
0.04753,246.03041
0.04763,247.79072
0.04772,247.46694
0.04782,246.10079
0.04791,247.62995
0.04801,248.1169
0.0481,246.5187
0.0482,247.46905
0.04829,248.76718
0.04838,246.93448
0.04849,247.4239
0.04859,248.60885
0.04868,248.05061
0.04877,247.3787
0.04887,248.79346
0.04896,248.81715
0.04906,247.68129
0.04914,249.442
0.04924,250.04563
0.04934,248.33198
0.04943,249.16525
0.04952,249.88502
0.04964,248.86935
0.04972,248.89067
0.04982,250.53896
0.04992,249.75279
0.05,249.0754
0.0501,250.72655
0.0502,250.63431
0.05029,249.26496
0.05039,250.33365
0.05048,251.40255
0.05057,249.68209
0.05067,250.63735
0.05077,252.05502
0.05086,250.33651
0.05097,249.78178
0.05105,252.1269
0.05115,251.10507
0.05124,250.31546
0.05134,251.85011
0.05143,252.1065
0.05153,250.61929
0.05162,251.22436
0.05172,252.6434
0.05181,251.27208
0.05191,251.6448
0.05199,252.82927
0.0521,252.50675
0.05219,251.60015
0.05229,253.02001
0.05238,253.04402
0.05248,251.09003
0.05256,252.85692
0.05266,254.16103
0.05275,252.43936
0.05286,253.39687
0.05296,254.70382
0.05306,253.33093
0.05315,252.88923
0.05325,254.54341
0.05333,253.98286
0.05343,252.60938
0.05352,254.03102
0.05363,254.174
0.05372,253.2661
0.05381,254.21977
0.0539,255.29253
0.05401,253.6877
0.0541,254.29445
0.05419,255.3651
0.05428,254.34022
0.05437,252.96542
0.05447,255.78742
0.05456,254.76228
0.05466,254.31997
0.05475,255.62685
0.05485,256.70071
0.05494,254.74213
0.05504,255.23284
0.05514,256.77604
0.05523,255.04782
0.05533,254.25756
0.05542,256.96321
0.05551,256.52069
0.0556,255.26107
0.0557,256.80269
0.05579,257.17719
0.05589,255.56701
0.05599,256.87798
0.05609,257.60292
0.05617,256.45699
0.05627,255.78047
0.05636,257.79035
0.05646,257.34744
0.05655,256.43715
0.05665,257.98272
0.05675,257.65655
0.05683,256.39299
0.05693,257.11844
0.05702,258.31156
0.05713,256.93566
0.05721,256.37298
0.05731,259.32009
0.0574,257.59067
0.0575,257.50049
0.0576,258.6943
0.05769,258.83568
0.05779,257.57342
0.05788,258.88455
0.05797,259.02353
0.05806,257.52691
0.05816,258.1363
0.05825,255.72037
0.05827,251.23036
0.05829,243.25655
0.05836,236.40067
0.05838,231.63274
0.05838,226.64658
0.05838,223.00285
0.0584,219.05492
0.05838,214.70324
0.05838,210.75053
0.05838,207.16007
0.05838,203.51634
0.05838,199.59559
0.05834,195.51715
0.05834,191.92685
0.05832,188.25787
0.05829,184.37598
0.05827,181.17605
0.05825,177.30514
0.05823,173.71134
0.05821,170.20294
0.05818,166.39643
0.05814,162.54392
0.05814,159.17801
0.0581,155.92246
0.05808,152.15928
0.05805,148.57733
0.05805,144.87088
0.05805,141.93129
0.05803,138.06206
0.05801,135.14089
0.05799,131.37849
0.05799,128.13024
0.05794,124.96172
0.0579,121.48468
0.05788,118.28737
0.05786,115.5055
0.05786,111.6081
0.05784,108.16624
0.05779,105.15882
0.05779,102.08157
0.05777,98.42719
0.05773,95.53749
0.0577,92.28808
0.05768,89.40079
0.05764,86.03266
0.05762,83.09247
0.0576,79.98208
0.0576,76.75639
0.05755,74.00654
0.05751,70.56501
0.05751,67.95701
0.05746,65.0694
0.05742,62.15011
0.0574,59.2643
0.05738,55.96353
0.05738,53.13236
0.05733,50.16063
0.05731,46.84962
0.05729,44.02832
0.05729,40.92069
0.05725,37.83269
0.05722,35.20332
0.0572,32.23353
0.05718,28.76373
0.05718,26.12466
0.05718,22.93224
0.05716,20.40978
0.05714,17.3341
0.05709,14.33273
0.05709,11.513
0.05707,8.78884
0.05705,5.93713
0.05701,2.93652
0.05696,0.58515
0.05696,-2.40443
0.05694,-5.28751
0.0569,-7.75539
0.05687,-10.63816
0.05687,-13.26578
0.05687,-16.23382
0.05685,-18.89295
0.05681,-21.30683
0.05679,-23.88057
0.05677,-26.56057
0.05672,-28.91009
0.0567,-31.60044
0.05668,-34.12049
0.05668,-36.77951
0.05666,-38.76761
0.05666,-41.7031
0.05663,-44.30791
0.05661,-46.65736
0.05661,-49.14603
0.05657,-51.44102
0.05655,-53.5881
0.05655,-56.10852
0.05652,-58.28735
0.0565,-60.05136
0.0565,-62.88006
0.05648,-65.00547
0.05644,-67.32074
0.05639,-69.25301
0.05637,-71.40996
0.05635,-73.77946
0.05631,-75.79634
0.05628,-77.78284
0.05628,-79.569
0.05624,-81.5536
0.05622,-83.69932
0.0562,-85.77052
0.05615,-87.53143
0.05611,-89.65361
0.05607,-91.58427
0.05604,-93.17666
0.056,-94.8732
0.05598,-96.94371
0.05591,-98.58468
0.05591,-100.43394
0.05589,-102.44038
0.05587,-104.01101
0.0558,-105.65133
0.05578,-107.26426
0.05576,-109.05776
0.05572,-110.66811
0.05567,-112.11895
0.05565,-113.77402
0.05561,-115.214
0.05556,-116.8026
0.05554,-118.03242
0.05548,-119.92624
0.05545,-121.1559
0.05541,-122.82896
0.05537,-124.21509
0.05534,-125.49762
0.05532,-126.86506
0.05528,-128.39959
0.05523,-129.67908
0.05523,-130.85798
0.05519,-132.1373
0.05517,-133.64246
0.05515,-134.83957
0.05513,-136.25963
0.0551,-137.37169
0.05508,-138.80226
0.05504,-140.08105
0.05502,-141.246
0.05497,-142.52459
0.05495,-143.78498
0.05491,-144.7767
0.05488,-146.25992
0.05484,-147.17714
0.05482,-148.4585
0.05478,-149.51359
0.05475,-150.70989
0.05469,-152.06931
0.05467,-152.98946
0.05467,-154.13585
0.05462,-155.12683
0.0546,-156.1636
0.05456,-157.04831
0.05453,-158.13803
0.05451,-159.04729
0.05449,-160.10509
0.05445,-161.19115
0.05442,-161.83496
0.05438,-162.63437
0.05434,-163.68836
0.05432,-164.43815
0.05425,-165.35044
0.05423,-166.10013
0.05425,-166.9632
0.05421,-167.91078
0.05421,-168.49431
0.05416,-169.40995
0.05416,-170.38601
0.05412,-171.02568
0.05407,-171.77139
0.05405,-172.43593
0.05403,-173.0156
0.05399,-173.72933
0.05399,-174.68401
0.05394,-175.20669
0.05392,-176.00897
0.0539,-176.58848
0.05386,-177.11104
0.05381,-177.91992
0.05377,-178.41056
0.05372,-179.2087
0.05372,-179.90861
0.05368,-180.3249
0.05366,-180.90416
0.05364,-181.4622
0.05359,-182.22829
0.05355,-182.50657
0.05355,-183.28058
0.05353,-183.78549
0.05346,-184.49433
0.05344,-184.96737
0.05342,-185.63121
0.05342,-186.02346
0.05335,-186.67907
0.05333,-187.0354
0.05331,-187.69912
0.05326,-188.22087
0.05322,-188.6578
0.0532,-189.24721
0.05315,-189.70525
0.05311,-190.15266
0.05309,-190.69959
0.05304,-191.1681
0.05302,-191.64079
0.05298,-192.16221
0.05296,-192.51829
0.05293,-193.04389
0.05293,-193.2982
0.05291,-194.0145
0.05289,-194.57183
0.05287,-194.79005
0.05285,-195.11424
0.05278,-195.71589
0.05276,-195.98706
0.05269,-196.62038
0.05267,-196.95506
0.05263,-197.39134
0.05258,-197.65808
0.05256,-198.1304
0.05256,-198.43758
0.05254,-198.76159
0.0525,-199.17652
0.05247,-199.66995
0.05245,-200.0045
0.05243,-200.38139
0.05239,-200.67971
0.05236,-201.32132
0.05234,-201.65579
0.05234,-201.84641
0.05232,-202.45619
0.05228,-202.77557
0.05225,-202.85583
0.05221,-203.35519
0.05219,-203.57307
0.05212,-203.83496
0.0521,-204.25397
0.05206,-204.57322
0.05199,-204.91967
0.05199,-205.31137
0.05195,-205.7258
0.0519,-205.93905
0.05188,-206.09331
0.05186,-206.48043
0.05182,-207.0006
0.05179,-206.99604
0.05175,-207.37856
0.05173,-207.73385
0.05171,-207.89861
0.05168,-208.25387
0.05162,-208.46238
0.05155,-208.78727
0.05153,-209.14246
0.05149,-209.38721
0.05144,-209.60021
0.05138,-209.86147
0.05133,-210.1908
0.05131,-210.49296
0.05127,-210.67414
0.05124,-210.89166
0.05118,-211.21624
0.05113,-211.39736
0.05109,-211.9169
0.05102,-211.98754
0.05098,-212.17917
0.05096,-212.53407
0.05092,-212.71507
0.05089,-212.91132
0.05089,-213.44006
0.05087,-213.57284
0.05085,-213.75849
0.05083,-214.0287
0.05083,-214.26133
0.05081,-214.41523
0.05076,-214.69129
0.05072,-214.87216
0.0507,-215.08947
0.05063,-215.12814
0.05059,-215.34069
0.05054,-215.5532
0.05052,-216.00301
0.05048,-216.15208
0.05045,-216.3693
0.05041,-216.50775
0.05039,-216.69324
0.05039,-216.80951
0.05037,-217.16409
0.05037,-217.38605
0.05037,-217.608
0.05034,-217.68775
0.0503,-218.00581
0.05023,-218.05483
0.05019,-218.37283
0.05015,-218.56399
0.05006,-218.70327
0.05001,-218.89438
0.04999,-219.19596
0.04993,-219.266
0.04988,-219.53103
0.04984,-219.627
0.04982,-219.82287
0.04979,-219.87086
0.04975,-220.11468
0.04973,-220.43727
0.04975,-220.44212
0.04973,-220.52177
0.04975,-220.97025
0.04973,-221.04989
0.04971,-221.16122
0.04971,-221.41471
0.04968,-221.56827
0.04966,-221.64787
0.04964,-221.7803
0.04962,-221.97609
0.0496,-222.14019
0.04962,-222.38798
0.0496,-222.58375
0.04962,-222.69425
0.0496,-222.80553
0.04957,-222.76895
0.04957,-223.02241
0.0496,-223.1118
0.04957,-223.32867
0.04955,-223.23926
0.04955,-223.42934
0.04953,-223.62508
0.04953,-223.45611
0.04953,-223.76236
0.04953,-223.56172
0.04949,-223.97428
0.04946,-224.05381
0.04944,-224.21784
0.0494,-224.51419
0.04933,-224.55215
0.04927,-224.70623
0.04922,-225.13975
0.04918,-225.31986
0.04913,-225.47883
0.04907,-225.71726
0.04905,-225.87063
0.04905,-225.90229
0.049,-226.19844
0.04898,-226.24624
0.04896,-226.29401
0.04894,-226.4579
0.04891,-226.51624
0.04887,-226.64345
0.04885,-226.79676
0.0488,-227.04004
0.0488,-227.20889
0.04876,-227.25163
0.04872,-227.32604
0.04869,-227.62703
0.04865,-227.75416
0.04856,-227.81849
0.04852,-227.92451
0.0485,-227.97224
0.04845,-228.09932
0.04838,-228.3374
0.04834,-228.32735
0.0483,-228.3173
0.04827,-228.67085
0.04823,-228.79789
0.04819,-228.87216
0.04814,-228.89372
0.0481,-228.9891
0.04808,-229.32147
0.04801,-229.19034
0.04799,-229.4067
0.04794,-229.53366
0.0479,-229.63953
0.04786,-229.66102
0.04786,-229.81916
0.04786,-230.01947
0.04783,-230.01441
0.04783,-230.18309
0.04781,-230.25181
0.04777,-230.41032
0.04772,-230.5372
0.04766,-230.6379
0.04757,-230.78619
0.04753,-231.05004
0.04746,-230.78183
0.04739,-230.96677
0.04735,-230.97767
0.0473,-231.22035
0.04728,-231.26794
0.04722,-231.38962
0.04719,-231.46879
0.04717,-231.61118
0.04715,-231.65875
0.04711,-231.86975
0.04706,-231.99648
0.04704,-231.99137
0.047,-232.01272
0.04697,-232.16561
0.04693,-232.3555
0.04691,-232.40302
0.04686,-232.36117
0.04682,-232.46678
0.04678,-232.67767
0.04673,-232.66741
0.04671,-232.77809
0.04669,-232.87826
0.04667,-233.01002
0.04664,-233.00488
0.0466,-233.16306
0.0466,-233.27888
0.04658,-233.24215
0.04655,-233.4897
0.04655,-233.42653
0.04653,-233.5372
0.04651,-233.53203
0.04651,-233.61625
0.04649,-233.80061
0.04644,-234.04297
0.04642,-234.122
0.04638,-234.0801
0.04638,-234.13273
0.04636,-234.07493
0.04629,-234.3331
0.04625,-234.40697
0.0462,-234.54396
0.04614,-234.44425
0.04609,-234.5707
0.04605,-234.64453
0.04598,-234.73421
0.04596,-234.7606
0.04591,-234.91858
0.04585,-234.90303
0.04585,-234.92407
0.0458,-235.19775
0.04578,-235.2662
0.04572,-235.31373
0.04569,-235.49789
0.04565,-235.35075
0.04565,-235.5401
0.04561,-235.61383
0.04558,-235.69278
0.04556,-235.90846
0.04556,-235.85587
0.04554,-235.93479
0.04552,-236.03476
0.04549,-235.95593
0.04547,-236.22418
0.04545,-236.3031
0.04541,-236.20851
0.04541,-236.31368
0.04536,-236.25066
0.04534,-236.38214
0.0453,-236.48737
0.04527,-236.48215
0.04525,-236.64517
0.04521,-236.77139
0.04516,-236.67682
0.04512,-236.77149
0.04507,-236.87668
0.04503,-237.13953
0.04501,-237.13429
0.04499,-237.16059
0.04499,-237.26572
0.04492,-237.41816
0.0449,-237.30781
0.0449,-237.54957
0.04488,-237.60739
0.04485,-237.60214
0.04483,-237.73351
0.04481,-237.81235
0.04479,-237.80709
0.04474,-237.79657
0.0447,-237.89116
0.04465,-237.88065
0.04463,-237.92791
0.04463,-238.09605
0.04461,-238.17486
0.04459,-238.13807
0.04459,-238.1696
0.04454,-238.21159
0.0445,-238.23259
0.04448,-238.25884
0.04446,-238.35862
0.04441,-238.48467
0.04439,-238.59497
0.04439,-238.6475
0.04437,-238.67375
0.04435,-238.77351
0.04432,-238.88379
0.04421,-238.77334
0.04417,-238.98337
0.04412,-239.07781
0.04406,-239.04093
0.04401,-239.11438
0.04397,-239.20883
0.04392,-239.22973
0.0439,-239.22444
0.04386,-239.31885
0.04379,-239.36598
0.04375,-239.35537
0.0437,-239.58626
0.04368,-239.61246
0.04364,-239.76981
0.04357,-239.63843
0.04353,-239.82725
0.04348,-239.75366
0.04346,-239.8638
0.04342,-239.85319
0.04337,-239.92652
0.04335,-239.86874
0.04331,-239.69021
0.04328,-240.12568
0.04328,-240.09419
0.04324,-240.03108
0.04322,-240.19367
0.04319,-240.32477
0.04319,-240.42971
0.04315,-240.34559
0.04313,-240.39274
0.04308,-240.60245
0.04306,-240.42922
0.043,-240.76998
0.04293,-240.61759
0.04288,-240.60694
0.04286,-240.63306
0.04282,-240.94759
0.04277,-240.71663
0.04275,-240.91059
0.04273,-240.65353
0.04271,-241.14116
0.04266,-240.91022
0.04262,-240.96248
0.0426,-241.00958
0.04257,-241.19299
0.04253,-241.18231
0.04249,-241.25552
0.04244,-241.41259
0.0424,-241.34947
0.04235,-241.33876
0.04229,-241.51142
0.04226,-241.53752
0.0422,-241.60534
0.04218,-241.62094
0.04213,-241.64168
0.04209,-241.73577
0.04202,-241.75116
0.04198,-241.65658
0.04193,-241.72971
0.04186,-241.91274
0.04182,-241.90202
0.04182,-241.95442
0.04175,-241.90688
0.04171,-241.92759
0.04164,-241.96388
0.04164,-242.0477
0.0416,-242.2046
0.04153,-241.98943
0.04151,-242.28787
0.04149,-242.28248
0.04147,-242.41329
0.04142,-242.21399
0.0414,-242.37622
0.04135,-242.28166
0.04131,-242.57466
0.04127,-242.53246
0.04122,-242.55313
0.0412,-242.63151
0.04115,-242.6417
0.04111,-242.57858
0.04109,-242.87686
0.04109,-242.74073
0.04107,-242.92383
0.04102,-242.89212
0.041,-243.02283
0.04096,-242.87594
0.04093,-242.95431
0.04089,-242.9121
0.04082,-243.08438
0.04078,-243.22013
0.04076,-243.21474
0.04069,-243.27181
0.04069,-243.1148
0.04064,-243.10401
0.04062,-243.20329
0.0406,-243.313
0.04056,-243.40687
0.04053,-243.48519
0.04049,-243.44297
0.04044,-243.37985
0.0404,-243.56785
0.04036,-243.66168
0.04031,-243.48345
0.04027,-243.64003
0.04022,-243.57691
0.04018,-243.73347
0.04013,-243.72265
0.04009,-243.68043
0.04007,-243.72732
0.04002,-243.74788
0.03998,-243.82072
0.03996,-243.76301
0.03993,-243.91449
0.03989,-243.88272
0.03987,-243.9819
0.03984,-244.17519
0.03982,-244.16977
0.0398,-243.96563
0.03978,-244.17983
0.03976,-244.17441
0.03971,-244.16354
0.03967,-244.26772
0.03962,-244.36144
0.03958,-244.4133
0.03956,-244.29286
0.03951,-244.44927
0.03947,-244.54296
0.0394,-244.58937
0.03938,-244.52121
0.03936,-244.49488
0.03929,-244.58309
0.03922,-244.4309
0.0392,-244.67631
0.03918,-244.63952
0.03918,-244.75449
0.03911,-244.73815
0.03904,-244.55464
0.03904,-244.72184
0.039,-244.95129
0.03896,-244.83591
0.03896,-244.91951
0.03891,-244.9086
0.03891,-244.84591
0.03887,-244.83503
0.03887,-245.11713
0.03882,-245.12711
0.0388,-245.01719
0.03873,-245.32471
0.03871,-245.04762
0.03871,-245.31923
0.03869,-245.12575
0.03864,-245.36555
0.0386,-245.29195
0.0386,-245.23972
0.03856,-245.36461
0.03849,-245.32734
0.03844,-245.39998
0.0384,-245.69191
0.03833,-245.50844
0.03829,-245.4975
0.03824,-245.48658
0.0382,-245.69491
0.03815,-245.65266
0.03811,-245.64171
0.03811,-245.47467
0.03809,-245.61537
0.03804,-245.60445
0.038,-245.66658
0.03795,-245.73916
0.03793,-245.68148
0.03789,-245.72274
0.03784,-245.77444
0.0378,-245.95135
0.03778,-246.08156
0.03775,-245.99259
0.03771,-245.87726
0.03769,-245.97615
0.03766,-246.03329
0.03762,-246.09537
0.03755,-246.0059
0.03751,-246.21405
0.03749,-246.0938
0.03744,-246.41672
0.0374,-246.10317
0.03735,-246.11308
0.03733,-246.2745
0.03729,-246.39915
0.03726,-246.31022
0.03722,-246.41397
0.0372,-246.37719
0.03713,-246.33986
0.03711,-246.41782
0.03706,-246.67801
0.03702,-246.55229
0.037,-246.52594
0.03697,-246.54131
0.03691,-246.52482
0.03686,-246.62855
0.03684,-246.62303
0.0368,-246.69546
0.03675,-246.73661
0.03673,-246.84578
0.03668,-246.75138
0.03668,-246.85564
0.03664,-246.79249
0.0366,-246.75023
0.03657,-246.82813
0.03653,-247.03601
0.03653,-246.93177
0.03646,-246.96739
0.03642,-247.03975
0.03639,-247.11762
0.03633,-247.06982
0.03628,-246.9546
0.03624,-247.16241
0.03619,-247.17224
0.03617,-247.19799
0.0361,-247.2648
0.03606,-247.22253
0.03599,-247.15389
0.03593,-247.16859
0.03588,-247.12633
0.03584,-247.33404
0.03582,-247.35978
0.03577,-247.20293
0.03573,-247.35853
0.03568,-247.40999
0.03564,-247.5864
0.03559,-247.52329
0.03555,-247.44975
0.0355,-247.43872
0.03548,-247.32907
0.03546,-247.37562
0.03544,-247.61998
0.03541,-247.49993
0.03541,-247.88518
0.03539,-247.93172
0.03535,-247.73323
0.03535,-247.68117
0.0353,-247.90958
0.03528,-247.93528
0.03521,-247.66883
0.03517,-247.77229
0.0351,-247.80773
0.03508,-247.83343
0.03503,-247.84317
0.03499,-247.9466
0.03492,-247.89876
0.0349,-248.143
0.03486,-247.94459
0.03481,-248.00637
0.03474,-247.96894
0.0347,-247.97868
0.03465,-248.19649
0.03461,-248.01895
0.03456,-248.09111
0.03454,-248.02313
0.03452,-248.21525
0.03448,-248.03773
0.03445,-248.25062
0.03445,-248.50027
0.03441,-248.32275
0.03439,-248.34842
0.03436,-248.39488
0.03432,-248.35256
0.03427,-248.28948
0.03423,-248.46557
0.03419,-248.35048
0.03414,-248.42256
0.03412,-248.63539
0.0341,-248.49466
0.03405,-248.42115
0.03403,-248.61316
0.03401,-248.6284
0.03396,-248.73167
0.03394,-248.6949
0.03392,-248.63737
0.03392,-248.75173
0.03389,-248.79816
0.03389,-248.85014
0.03385,-248.839
0.03381,-248.7967
0.03378,-248.79115
0.03374,-249.02949
0.03369,-249.01836
0.03365,-248.98643
0.0336,-249.13121
0.0336,-248.99609
0.03358,-249.23997
0.03356,-249.09927
0.03354,-249.14567
0.03351,-249.08814
0.03347,-249.18093
0.03343,-249.11781
0.0334,-249.24734
0.03336,-249.40243
0.03329,-249.27142
0.03325,-249.12519
0.0332,-249.14523
0.03316,-249.26912
0.03316,-249.48729
0.03307,-249.41305
0.03302,-249.45381
0.03298,-249.30763
0.03293,-249.34839
0.03287,-249.36281
0.03282,-249.56975
0.0328,-249.39801
0.03275,-249.52184
0.03269,-249.40126
0.03266,-249.55142
0.03262,-249.51949
0.03258,-249.47719
0.03251,-249.51234
0.03246,-249.72955
0.03242,-249.57305
0.03237,-249.72797
0.03235,-249.67046
0.03231,-249.6593
0.03228,-249.68485
0.03226,-249.73114
0.03222,-249.63694
0.03219,-249.76628
0.03219,-249.81817
0.03215,-249.80697
0.03213,-249.99857
0.03206,-249.7846
0.03202,-249.85643
0.03199,-249.96499
0.03195,-249.83964
0.03193,-250.0312
0.0319,-249.99447
0.03184,-250.11255
0.03181,-250.10695
0.03179,-249.99761
0.03175,-250.06939
0.0317,-250.27604
0.03163,-250.17623
0.03161,-250.13951
0.03157,-250.15941
0.0315,-250.27744
0.03146,-250.26621
0.03141,-250.25501
0.03139,-250.13533
0.03137,-250.12971
0.03132,-250.11851
0.03132,-250.36738
0.0313,-250.54843
0.03128,-250.52208
0.03123,-250.47973
0.03121,-250.42228
0.03119,-250.46852
0.03119,-250.7692
0.03116,-250.62878
0.03116,-250.57694
0.03114,-250.675
0.03112,-250.56571
0.03112,-250.72123
0.03107,-250.65816
0.03105,-250.70436
0.03103,-250.69875
0.03103,-250.67801
0.03098,-250.77045
0.03094,-250.75919
0.03089,-250.77906
0.03083,-250.79328
0.03081,-250.83948
0.03074,-251.00915
0.03067,-250.75391
0.03065,-250.90373
0.0306,-250.67488
0.03058,-250.86614
0.03054,-250.8756
0.03047,-251.02449
0.03042,-251.1272
0.03036,-251.04814
0.03033,-250.75245
0.03031,-251.18192
0.03027,-251.3053
0.03022,-251.24224
0.0302,-251.34019
0.03015,-251.22533
0.03013,-251.32327
0.03007,-251.20278
0.03002,-251.51256
0.03,-251.32052
0.02995,-251.361
0.02991,-251.31867
0.02986,-251.33844
0.02986,-251.3695
0.02982,-251.43071
0.0298,-251.40436
0.02973,-251.22177
0.02971,-251.38179
0.02968,-251.37615
0.02964,-251.5512
0.02959,-251.57097
0.02955,-251.61142
0.02953,-251.52297
0.0295,-251.54838
0.02948,-251.54274
0.02944,-251.69703
0.02941,-251.66034
0.02939,-251.78924
0.02935,-251.75722
0.0293,-251.74592
0.02921,-251.79575
0.02917,-251.78442
0.02912,-251.8559
0.0291,-251.85025
0.02905,-251.86996
0.02901,-251.91039
0.02901,-251.80693
0.02899,-252.01854
0.02894,-251.70719
0.0289,-251.99589
0.02888,-251.90748
0.02883,-251.99959
0.02883,-252.03062
0.02879,-252.07103
0.02876,-252.14809
0.02874,-252.05969
0.0287,-252.04837
0.0287,-252.18282
0.02867,-252.2599
0.02863,-252.16582
0.02861,-252.27392
0.02856,-252.23154
0.02854,-252.39133
0.02849,-252.2766
0.02845,-252.39966
0.0284,-252.33663
0.02838,-252.56877
0.02836,-252.59409
0.02831,-252.44835
0.02827,-252.37496
0.0282,-252.50268
0.02818,-252.33161
0.02813,-252.53733
0.02809,-252.49497
0.02804,-252.64898
0.02802,-252.64331
0.02798,-252.44592
0.02791,-252.56323
0.02789,-252.52656
0.0278,-252.58651
0.02775,-252.57513
0.02768,-252.72342
0.02764,-252.59839
0.02762,-252.70636
0.02759,-252.70069
0.02755,-252.77195
0.02753,-252.70429
0.02748,-252.8892
0.02746,-252.96613
0.02737,-252.88139
0.0273,-252.97795
0.02726,-252.66705
0.02721,-252.82092
0.02717,-252.80953
0.02712,-253.01502
0.02708,-252.97266
0.02708,-253.08625
0.02703,-252.87866
0.02701,-253.01753
0.02699,-252.94989
0.02694,-252.91784
0.0269,-253.12327
0.02683,-252.91003
0.02681,-253.06951
0.02674,-253.05241
0.02669,-253.17521
0.02665,-253.06058
0.02658,-253.17768
0.02656,-253.12036
0.02651,-253.12961
0.02647,-253.25235
0.02645,-253.14346
0.02642,-253.24095
0.02636,-253.33734
0.02631,-253.46007
0.02629,-253.42342
0.02624,-253.27786
0.02624,-253.3604
0.02622,-253.3547
0.0262,-253.349
0.02618,-253.47741
0.02618,-253.72501
0.02615,-253.63675
0.02611,-253.57375
0.02606,-253.58294
0.02604,-253.47409
0.02602,-253.60248
0.02595,-253.50281
0.02591,-253.52234
0.02588,-253.76416
0.02582,-253.747
0.02579,-253.84441
0.02577,-253.8387
0.0257,-253.85247
0.02568,-253.76426
0.02564,-253.85592
0.02557,-253.95218
0.02554,-253.86396
0.02548,-253.92929
0.02539,-253.82392
0.02536,-253.90064
0.02532,-253.94075
0.02527,-253.92931
0.02525,-254.08848
0.02521,-253.91213
0.02516,-254.11709
0.02512,-254.08503
0.02507,-253.96023
0.02505,-254.06783
0.025,-254.15943
0.02498,-254.23614
0.02498,-254.1537
0.02494,-254.30709
0.02491,-254.40439
0.02487,-254.25899
0.02485,-254.33566
0.02478,-254.31846
0.02476,-254.2612
0.02469,-254.40883
0.02467,-254.50611
0.02464,-254.50034
0.0246,-254.32407
0.02458,-254.43164
0.02453,-254.33775
0.02449,-254.43957
0.02446,-254.56772
0.02444,-254.61345
0.02439,-254.55048
0.02437,-254.59623
0.02433,-254.47146
0.02426,-254.56748
0.02424,-254.56175
0.02417,-254.72985
0.02412,-254.56391
0.0241,-254.69201
0.02403,-254.89093
0.02401,-254.58665
0.02397,-254.87369
0.02394,-254.83704
0.02392,-254.86217
0.02388,-254.85067
0.02385,-254.9787
0.02379,-254.96145
0.02374,-254.86759
0.02367,-254.93267
0.02363,-254.95201
0.02356,-255.0891
0.02349,-254.9895
0.02347,-255.09692
0.0234,-254.99732
0.02336,-254.85208
0.02333,-255.06233
0.02331,-255.10801
0.02327,-255.07593
0.0232,-255.27463
0.02318,-255.20716
0.02311,-255.11786
0.02304,-255.2034
0.02295,-255.39628
0.02286,-255.23955
0.02281,-255.44392
0.02277,-255.29872
0.02268,-255.19339
0.02266,-255.35212
0.02263,-255.21268
0.02257,-255.38042
0.02254,-255.4877
0.0225,-255.36309
0.02243,-255.51021
0.02238,-255.49867
0.02232,-255.39912
0.02227,-255.49034
0.02223,-255.59181
0.02218,-255.61109
0.02211,-255.53209
0.02209,-255.47494
0.02205,-255.54556
0.02198,-255.47687
0.02193,-255.68103
0.02189,-255.69002
0.02184,-255.76061
0.0218,-255.72851
0.02173,-255.7625
0.02164,-255.87286
0.02159,-255.59428
0.02155,-255.84972
0.02148,-255.91449
0.02143,-255.71807
0.02137,-255.66993
0.02134,-255.96188
0.0213,-255.78602
0.02123,-255.98422
0.02119,-256.05476
0.02116,-255.99765
0.02107,-256.02578
0.02103,-255.93207
0.02098,-256.11549
0.02091,-256.01599
0.02089,-256.09229
0.0208,-256.20249
0.02073,-255.88752
0.02069,-256.17348
0.02064,-256.13111
0.02062,-256.07399
0.02057,-256.14447
0.02053,-256.21492
0.02053,-256.26622
0.02048,-256.27513
0.02046,-256.46423
0.02044,-256.34559
0.02039,-256.28268
0.02037,-256.32816
0.02032,-256.48064
0.0203,-256.37227
0.02023,-256.37537
0.02019,-256.52782
0.02017,-256.33742
0.02008,-256.49876
0.02008,-256.58079
0.02001,-256.43004
0.01996,-256.52096
0.01992,-256.54007
0.01987,-256.4977
0.01985,-256.70717
0.01978,-256.72046
0.01971,-256.67224
0.01967,-256.87585
0.01962,-256.7617
0.01958,-256.78081
0.01951,-256.83508
0.01944,-256.93034
0.01942,-256.97573
0.01937,-256.88211
0.01935,-257.07097
0.01928,-256.97151
0.01926,-256.91446
0.01921,-256.97451
0.01917,-256.99359
0.0191,-256.92488
0.01908,-257.10344
0.01906,-256.93372
0.01901,-257.03472
0.01896,-257.23816
0.01892,-257.22647
0.01887,-257.1124
0.01885,-257.2397
0.01878,-257.22219
0.01876,-257.31876
0.01869,-257.49578
0.01867,-257.40803
0.01862,-257.36564
0.01858,-257.43585
0.01853,-257.37299
0.01849,-257.38177
0.01842,-257.47686
0.01837,-257.46516
0.01833,-257.45348
0.01826,-257.53829
0.01819,-257.68449
0.01817,-257.5456
0.0181,-257.69179
0.01806,-257.62893
0.01801,-257.6684
0.01797,-257.65669
0.01794,-257.83502
0.0179,-257.77213
0.01787,-257.76628
0.01787,-257.68443
0.01785,-257.89344
0.01781,-257.88171
0.01781,-257.99424
0.01776,-258.06438
0.01769,-258.09793
0.01765,-258.00438
0.01758,-258.11976
0.01753,-258.0569
0.01749,-258.12698
0.01742,-258.04804
0.0174,-258.3694
0.01735,-258.0918
0.01731,-258.08008
0.01726,-258.33418
0.01722,-258.10774
0.01719,-258.34724
0.01713,-258.24785
0.01708,-258.31788
0.01703,-258.30615
0.01699,-258.23306
0.01697,-258.3703
0.01687,-258.26503
0.01685,-258.39204
0.01683,-258.46793
0.01678,-258.55837
0.01674,-258.79189
0.01669,-258.78011
0.01667,-258.47788
0.01665,-258.79901
0.01665,-258.5231
0.0166,-258.51136
0.01658,-258.61786
0.01656,-258.77546
0.01649,-258.77823
0.01644,-258.81756
0.0164,-258.83644
0.01633,-259.06394
0.01631,-258.84354
0.01624,-258.92801
0.01622,-258.90169
0.01617,-259.04311
0.0161,-259.08672
0.01606,-259.04428
0.01603,-259.06903
0.01599,-259.13895
0.01594,-259.12714
0.0159,-259.00303
0.01585,-259.07292
0.01583,-259.19976
0.01576,-259.2331
0.01574,-259.07407
0.01574,-259.22721
0.01569,-259.37876
0.01565,-259.47923
0.0156,-259.62055
0.01558,-259.43088
0.01553,-259.41908
0.01549,-259.45831
0.01542,-259.52223
0.0154,-259.38365
0.01535,-259.37183
0.0153,-259.47228
0.01528,-259.56843
0.01526,-259.61352
0.01524,-259.74027
0.01519,-259.75906
0.01515,-259.56356
0.0151,-259.7354
0.01508,-259.7805
0.01503,-259.82987
0.01499,-259.95066
0.01494,-259.66337
0.0149,-259.87597
0.01485,-259.91512
0.01485,-260.21093
0.01478,-259.94837
0.01474,-259.93651
0.01467,-260.03092
0.01462,-260.09047
0.0146,-260.22731
0.01458,-260.24179
0.01453,-260.12794
0.01451,-260.41773
0.01446,-260.13054
0.01442,-260.20026
0.01439,-260.43903
0.01437,-260.32095
0.01435,-260.34559
0.01428,-260.29722
0.01426,-260.29126
0.01421,-260.60561
0.01417,-260.37968
0.01412,-260.44934
0.01405,-260.38056
0.01398,-260.62774
0.01394,-260.61584
0.01389,-260.63454
0.01387,-260.6286
0.0138,-260.89608
0.01378,-260.75767
0.01373,-260.8069
0.01364,-260.72197
0.01362,-260.92997
0.0136,-260.92403
0.01357,-260.81621
0.0135,-260.90022
0.0135,-261.01227
0.01346,-260.73553
0.01341,-260.93752
0.01334,-261.02151
0.0133,-261.06053
0.01328,-260.98329
0.01325,-261.10973
0.01321,-261.14872
0.01321,-261.28111
0.01316,-261.32011
0.01314,-261.31413
0.01309,-261.30221
0.01307,-261.24534
0.01303,-261.20286
0.01298,-261.33349
0.01293,-261.5048
0.01291,-261.41739
0.01287,-261.40547
0.01287,-261.43601
0.0128,-261.60132
0.01277,-261.6259
0.01273,-261.56304
0.01271,-261.65886
0.01268,-261.602
0.01264,-261.67149
0.01261,-261.79781
0.01259,-261.7613
0.01257,-262.18277
0.01257,-261.81639
0.01252,-261.77389
0.01248,-261.81283
0.01243,-261.83139
0.01241,-261.98822
0.01236,-261.99662
0.01232,-261.96429
0.01227,-262.08459
0.01225,-261.9667
0.01223,-262.12348
0.01218,-262.14203
0.01213,-262.39456
0.01209,-262.0367
0.01207,-262.19347
0.01202,-262.23233
0.01195,-262.3466
0.01191,-262.30409
0.01188,-262.57269
0.01184,-262.44884
0.01181,-262.49367
0.01172,-262.4697
0.0117,-262.52469
0.01165,-262.64488
0.01163,-262.52704
0.01159,-262.51503
0.01154,-262.53354
0.01152,-262.62921
0.01149,-262.86718
0.01147,-262.61719
0.01145,-262.80434
0.01138,-262.78631
0.01131,-262.86992
0.01131,-262.95124
0.01124,-262.93322
0.01122,-262.9882
0.0112,-262.83988
0.01115,-263.12259
0.01111,-263.11054
0.01111,-263.05973
0.01106,-263.129
0.01106,-263.23062
0.01101,-263.14747
0.01099,-263.21255
0.01097,-263.13542
0.0109,-263.35104
0.01085,-263.2882
0.01081,-263.24569
0.01079,-263.32092
0.01074,-263.36984
0.01069,-263.3273
0.01065,-263.36605
0.01058,-263.39875
0.01058,-263.59173
0.01053,-263.6
0.01049,-263.58792
0.01042,-263.54953
0.0104,-263.80754
0.01033,-263.81988
0.01031,-263.68185
0.01028,-263.5641
0.01019,-263.73288
0.01017,-263.66593
0.01017,-263.74715
0.01012,-263.92798
0.01008,-263.93619
0.01008,-263.98695
0.01005,-263.8794
0.01003,-264.03578
0.00996,-263.98719
0.00994,-264.19431
0.00987,-264.15586
0.00987,-264.22691
0.0098,-264.13773
0.00973,-264.2718
0.00969,-264.29016
0.00964,-264.14612
0.00955,-264.28427
0.00955,-264.35529
0.0095,-264.34319
0.00946,-264.39194
0.00944,-264.46705
0.00939,-264.45495
0.00934,-264.38196
0.0093,-264.58288
0.00925,-264.55045
0.00923,-264.46325
0.00918,-264.55257
0.00916,-264.62763
0.00911,-264.69665
0.00909,-264.69059
0.00905,-264.79001
0.00902,-264.80423
0.009,-264.96042
0.00895,-264.84686
0.00891,-264.83473
0.00889,-264.90978
0.00886,-264.82258
0.00879,-265.03758
0.00875,-264.94431
0.00873,-265.15114
0.00868,-264.92611
0.00863,-265.02545
0.00859,-265.1755
0.00852,-265.12685
0.00852,-265.25862
0.0085,-265.28295
0.00845,-265.27077
0.0084,-265.35997
0.00838,-265.28294
0.00834,-265.29103
0.00831,-265.26469
0.00827,-265.516
0.00824,-265.37816
0.00822,-265.7166
0.0082,-265.49773
0.00815,-265.61726
0.00811,-265.65574
0.00808,-265.81176
0.00804,-265.7489
0.00799,-265.78737
0.00795,-265.77516
0.0079,-265.84402
0.00785,-265.78119
0.00781,-265.87027
0.00776,-265.72641
0.00774,-265.85196
0.00769,-266.00181
0.00765,-265.9086
0.0076,-266.08879
0.00758,-266.13332
0.00753,-265.9287
0.00746,-266.10279
0.00742,-266.06018
0.00737,-266.15935
0.00733,-266.19774
0.00726,-266.09844
0.00723,-266.14295
0.00721,-266.13682
0.00719,-266.42427
0.00714,-266.31083
0.0071,-266.31883
0.00705,-266.49892
0.007,-266.53727
0.00696,-266.47444
0.00691,-266.46219
0.00687,-266.58151
0.00682,-266.59961
0.00677,-266.68856
0.00677,-266.7695
0.00673,-266.78762
0.00671,-266.63982
0.00671,-266.96359
0.00666,-266.90075
0.00666,-266.85016
0.00664,-266.99579
0.00659,-266.93293
0.00657,-267.13925
0.00655,-267.13312
0.0065,-266.82748
0.00645,-267.05799
0.00641,-267.04571
0.00641,-267.3896
0.00636,-267.50881
0.00634,-267.40153
0.00629,-267.62184
0.00629,-267.47014
0.00625,-267.37695
0.00618,-267.62143
0.00615,-267.50406
0.00611,-267.55244
0.00609,-267.48561
0.00602,-267.74017
0.00599,-267.75422
0.00597,-267.6773
0.00595,-267.85313
0.00592,-267.81665
0.00583,-267.92344
0.00579,-267.97175
0.00579,-267.7797
0.00574,-268.04031
0.00567,-267.99149
0.00563,-268.11057
0.00558,-268.14875
0.00558,-268.01737
0.00556,-268.14259
0.00551,-268.07975
0.00549,-268.18472
0.00547,-268.22908
0.00544,-268.43512
0.0054,-268.50362
0.00533,-268.32343
0.00533,-268.45478
0.00528,-268.50304
0.00521,-268.53504
0.00519,-268.6602
0.00517,-268.62369
0.00512,-268.72246
0.0051,-268.8476
0.00507,-268.73029
0.00503,-268.90985
0.00498,-268.86718
0.00496,-268.97208
0.00489,-269.05452
0.00489,-268.95353
0.00484,-268.89064
0.0048,-269.24182
0.00475,-269.14863
0.00475,-269.20922
0.00471,-269.21703
0.00468,-269.29162
0.00464,-269.35999
0.00459,-269.37789
0.00454,-269.31499
0.0045,-269.24204
0.00445,-269.2902
0.00443,-269.64741
0.00438,-269.61482
0.00436,-269.49756
0.00431,-269.7274
0.00429,-269.61017
0.00427,-269.76546
0.0042,-269.85783
0.0042,-269.87802
0.00413,-269.77863
0.00411,-269.93389
0.00408,-269.92768
0.00404,-269.91523
0.00399,-269.90281
0.00395,-270.10225
0.0039,-270.3017
0.00385,-269.9765
0.00381,-269.98423
0.00376,-270.16347
0.00369,-270.16497
0.00365,-270.21303
0.00362,-270.33793
0.0036,-270.28128
0.00355,-270.39995
0.00351,-270.35722
0.00351,-270.4379
0.00346,-270.55655
0.00344,-270.4192
0.00342,-270.57432
0.00337,-270.69296
0.00332,-270.51913
0.00328,-270.79908
0.00328,-271.01082
0.00323,-270.81683
0.00319,-270.90518
0.00316,-270.87878
0.00312,-270.94693
0.00309,-271.01126
0.00305,-271.05926
0.00302,-271.02275
0.003,-271.12739
0.00293,-271.04818
0.00291,-271.17294
0.00286,-271.22092
0.00282,-271.28903
0.00277,-271.32692
0.00272,-271.36478
0.0027,-271.22752
0.00266,-271.34602
0.00261,-271.4141
0.00259,-271.43808
0.00254,-271.63716
0.00249,-271.67499
0.00242,-271.68643
0.0024,-271.78088
0.00236,-271.71799
0.00233,-271.89305
0.00229,-271.71932
0.00226,-271.82386
0.00222,-271.97249
0.00222,-271.99263
0.00217,-271.90956
0.00215,-271.87308
0.0021,-272.07201
0.00206,-271.94869
0.00206,-272.16018
0.00203,-272.23447
0.00199,-272.20175
0.00196,-272.19547
0.00194,-272.20934
0.00192,-272.15272
0.00187,-272.38179
0.00185,-272.26476
0.0018,-272.38309
0.00176,-272.4007
0.00169,-272.49257
0.00166,-272.74802
0.00164,-272.61086
0.00157,-272.69263
0.00155,-272.68634
0.0015,-272.70396
0.00148,-272.69764
0.00143,-272.84609
0.00141,-272.80961
0.00136,-272.7668
0.00134,-272.87121
0.00129,-272.82843
0.00125,-272.81581
0.00122,-272.89002
0.0012,-273.04471
0.00118,-273.2195
0.00113,-273.15659
0.00111,-273.20059
0.00109,-273.22447
0.00104,-273.18165
0.00104,-273.16153
9.71E-04,-273.30355
9.01E-04,-273.41539
8.78E-04,-273.4292
8.55E-04,-273.50333
8.09E-04,-273.41024
7.86E-04,-273.38382
8.09E-04,-273.68181
7.63E-04,-273.85019
7.17E-04,-273.73697
6.93E-04,-273.70048
6.70E-04,-273.72434
6.47E-04,-273.97946
6.01E-04,-273.85619
5.55E-04,-273.9843
5.09E-04,-273.99176
4.85E-04,-274.03571
4.16E-04,-273.96643
4.16E-04,-274.20773
3.70E-04,-274.08447
3.01E-04,-274.19615
2.54E-04,-274.16335
2.31E-04,-274.39828
1.85E-04,-274.40571
1.62E-04,-274.2687
1.16E-04,-274.30626
6.94E-05,-274.4544
4.62E-05,-274.36763
2.31E-05,-274.55224
