0.00E+00,0
6.00E-05,19.07081
1.80E-04,45.20214
3.10E-04,69.35571
4.10E-04,87.99903
5.20E-04,104.11055
6.20E-04,120.3347
7.20E-04,135.45901
8.20E-04,147.38707
9.30E-04,156.89181
0.00105,164.52442
0.00115,165.86513
0.00125,164.99876
0.00135,166.33978
0.00144,167.78977
0.00155,166.4834
0.00165,167.05208
0.00175,168.72509
0.00185,168.52106
0.00195,167.323
0.00204,169.43666
0.00214,169.78496
0.00225,168.03596
0.00234,169.26641
0.00245,171.16348
0.00255,169.08085
0.00264,168.32239
0.00274,171.10246
0.00285,170.7896
0.00295,169.70109
0.00304,170.71139
0.00315,172.27819
0.00324,171.18948
0.00333,170.87305
0.00345,173.21631
0.00355,171.90611
0.00364,170.70458
0.00374,172.71316
0.00384,173.50494
0.00394,172.41558
0.00404,173.31815
0.00413,174.66192
0.00424,173.68477
0.00435,173.26096
0.00444,175.15872
0.00453,175.06368
0.00464,173.97544
0.00474,175.32179
0.00485,175.67328
0.00494,175.24591
0.00504,175.26335
0.00514,176.83194
0.00524,176.07388
0.00534,175.86976
0.00544,177.77136
0.00553,177.23484
0.00563,176.25479
0.00573,176.71577
0.00583,178.72908
0.00593,177.97065
0.00603,177.43386
0.00613,179.0042
0.00623,179.57658
0.00633,178.48514
0.00643,179.05757
0.00652,180.51594
0.00663,179.42604
0.00673,178.889
0.00683,181.23744
0.00693,180.25648
0.00703,179.38633
0.00712,181.40246
0.00723,181.75536
0.00732,180.21705
0.00742,181.12334
0.00752,182.80724
0.00762,182.04788
0.00771,180.84223
0.00782,183.41715
0.00792,182.99092
0.00802,181.67568
0.00813,183.02905
0.00822,184.37905
0.00832,182.95239
0.00841,183.97098
0.00852,185.54747
0.00862,184.12048
0.00871,182.91377
0.00881,185.156
0.00891,185.73043
0.00901,183.96921
0.00911,185.65601
0.00921,186.3419
0.00931,185.69281
0.00941,184.82104
0.0095,187.95524
0.0096,187.3061
0.0097,185.43248
0.00981,187.01111
0.0099,188.02971
0.01,186.26694
0.01011,186.95532
0.0102,188.86508
0.0103,187.88144
0.0104,187.00899
0.01049,189.58952
0.01059,189.27407
0.01069,187.84441
0.01078,188.86396
0.01089,190.44462
0.01099,189.12609
0.01109,188.47604
0.01119,190.72407
0.01129,189.51664
0.01138,189.86986
0.01148,190.89215
0.01158,191.80313
0.01167,189.9243
0.01178,191.17184
0.01189,192.19655
0.01198,190.54028
0.01208,190.78224
0.01218,192.02847
0.01227,192.82857
0.01238,191.62189
0.01248,192.86857
0.01257,193.55546
0.01268,193.12994
0.01278,192.47913
0.01287,194.28274
0.01298,194.63884
0.01306,192.86927
0.01316,194.1169
0.01326,194.69456
0.01337,193.82199
0.01346,193.72748
0.01356,195.98127
0.01366,195.33014
0.01375,194.23185
0.01385,196.15104
0.01395,196.50572
0.01405,194.84826
0.01416,196.21101
0.01426,197.46029
0.01435,195.57684
0.01446,196.04538
0.01454,197.62859
0.01465,197.31444
0.01475,196.43895
0.01484,197.57514
0.01494,198.6016
0.01504,196.94268
0.01513,198.305
0.01523,198.99606
0.01534,197.89829
0.01544,197.80583
0.01554,199.6166
0.01563,199.63429
0.01574,198.31218
0.01583,199.67556
0.01593,200.81521
0.01603,199.15481
0.01613,199.39846
0.01622,201.54471
0.01632,200.44412
0.01642,199.23321
0.01651,201.15595
0.01662,202.1864
0.01672,200.97332
0.01682,201.21728
0.01692,202.47028
0.01701,201.14474
0.01711,200.94025
0.01721,202.75429
0.01731,202.66206
0.01741,201.336
0.01751,202.81407
0.0176,203.7315
0.0177,202.85393
0.01779,203.54512
0.0179,205.13819
0.01801,203.9258
0.0181,202.37244
0.01818,204.18636
0.01828,204.5432
0.01839,203.89164
0.01849,204.02394
0.01859,205.84073
0.01867,204.84815
0.01877,204.64362
0.01888,206.126
0.01898,205.69687
0.01907,204.59152
0.01917,205.73521
0.01927,208.0049
0.01937,204.87851
0.01946,204.67181
0.01956,207.38963
0.01966,207.18514
0.01976,206.08319
0.01986,208.01488
0.01997,208.03731
0.02006,206.48119
0.02016,207.17627
0.02025,208.65887
0.02035,207.32937
0.02045,206.67465
0.02055,208.94525
0.02064,208.96367
0.02074,207.63571
0.02084,208.89411
0.02094,210.26531
0.02104,208.59731
0.02113,208.72827
0.02122,211.22577
0.02133,210.57288
0.02143,208.79163
0.02153,210.50148
0.02162,210.74736
0.02171,209.75208
0.02182,210.2253
0.02192,211.93595
0.02202,210.71717
0.02211,210.5124
0.02221,212.56168
0.02231,211.56802
0.02241,210.12326
0.0225,211.38393
0.0226,212.75759
0.0227,211.3125
0.0228,212.00979
0.0229,213.60946
0.02299,212.84079
0.02309,211.50794
0.02319,213.44646
0.02328,214.36784
0.02338,212.47264
0.02348,212.60624
0.02359,214.43485
0.02368,213.55074
0.02378,212.55566
0.02387,214.72138
0.02397,215.30686
0.02408,213.2975
0.02417,214.78427
0.02426,215.59579
0.02436,213.47083
0.02446,213.83054
0.02456,215.77189
0.02465,215.56698
0.02475,214.34511
0.02485,215.83505
0.02494,216.98413
0.02504,215.42506
0.02514,215.78518
0.02524,217.50192
0.02534,215.48809
0.02543,215.5091
0.02553,217.11323
0.02563,217.24748
0.02573,216.36384
0.02582,217.51606
0.02592,217.7635
0.02602,217.21905
0.02612,217.57965
0.02621,219.86399
0.02631,218.52739
0.02641,217.3037
0.02651,218.90953
0.0266,219.49685
0.0267,218.04647
0.02681,218.18305
0.0269,220.24252
0.02699,219.01612
0.02709,218.58441
0.02719,220.6445
0.02728,220.55269
0.02738,218.87481
0.02748,220.25571
0.02758,221.52357
0.02767,219.50532
0.02777,219.52667
0.02787,221.36153
0.02797,220.81628
0.02806,220.38429
0.02816,222.10638
0.02826,222.12797
0.02835,220.90217
0.02845,221.37728
0.02855,222.53302
0.02866,221.08217
0.02874,220.76117
0.02885,223.16734
0.02894,222.95992
0.02902,221.50423
0.02912,222.88759
0.02923,224.27339
0.02934,222.59468
0.02941,222.83902
0.02952,224.79286
0.02962,223.90634
0.02971,222.45188
0.02982,224.06555
0.02991,224.42586
0.03001,223.19818
0.0301,224.46942
0.0302,226.30894
0.0303,224.39936
0.03039,223.85298
0.03049,225.92025
0.03059,225.14659
0.03068,224.03179
0.03079,225.64715
0.03089,226.01009
0.03098,224.43806
0.03107,224.91465
0.03117,226.86968
0.03127,225.64063
0.03137,225.55095
0.03145,226.93345
0.03156,227.0714
0.03166,225.2752
0.03176,226.43489
0.03184,227.13521
0.03193,226.47437
0.03205,226.95597
0.03214,229.25234
0.03223,227.79462
0.03233,226.56431
0.03243,228.40804
0.03253,228.20241
0.03262,226.17458
0.03272,227.79101
0.03282,229.52165
0.03291,228.06293
0.03301,227.17357
0.03311,229.47434
0.0332,229.26864
0.0333,228.03724
0.03341,229.42919
0.03349,230.24705
0.0336,228.10562
0.03369,228.58149
0.03378,230.31384
0.03388,229.53792
0.03398,228.87587
0.03408,231.06718
0.03417,231.3154
0.03427,229.17039
0.03436,230.44744
0.03447,231.84108
0.03456,230.49198
0.03465,230.28601
0.03475,231.90603
0.03485,230.78705
0.03494,230.46689
0.03505,232.08963
0.03514,232.22397
0.03523,230.8762
0.03534,231.70008
0.03543,232.74805
0.03553,231.85903
0.03562,231.30804
0.03571,233.27239
0.03582,232.9544
0.03592,231.72001
0.03601,233.45644
0.03611,234.16465
0.0362,232.01343
0.03629,232.37871
0.03639,234.5731
0.0365,233.91202
0.03659,232.56252
0.03669,234.75756
0.03679,234.2084
0.03687,232.62754
0.03698,234.71107
0.03706,235.18899
0.03717,233.84108
0.03726,233.86136
0.03735,235.71468
0.03745,235.05078
0.03755,234.15784
0.03764,235.7828
0.03774,236.49232
0.03784,234.22776
0.03794,234.82277
0.03804,237.02093
0.03813,235.66958
0.03823,234.77607
0.03832,236.51443
0.03842,236.76856
0.03851,234.95616
0.03861,236.46815
0.03871,237.52439
0.0388,235.25316
0.0389,236.42408
0.039,237.70756
0.0391,236.6988
0.03919,236.37766
0.03928,238.00315
0.03936,238.36771
0.03946,236.32664
0.03957,237.95712
0.03966,239.24157
0.03976,237.65877
0.03986,237.33975
0.03995,239.31056
0.04005,238.18622
0.04015,237.9819
0.04025,239.61135
0.04035,239.74913
0.04043,238.16297
0.04053,238.645
0.04063,239.93301
0.04073,239.15237
0.04083,238.14193
0.04091,239.99982
0.04102,240.02517
0.04111,239.0145
0.04121,240.64557
0.0413,240.66636
0.0414,239.88754
0.04149,239.90825
0.04158,241.19528
0.04168,239.60952
0.04178,239.06014
0.04187,241.14974
0.04197,241.05792
0.04206,239.81642
0.04216,240.98917
0.04225,242.16214
0.04235,240.34539
0.04245,241.05848
0.04254,242.57685
0.04265,241.33707
0.04274,240.43985
0.04283,241.49606
0.04293,242.7849
0.04302,241.08203
0.04313,242.71865
0.04322,243.43249
0.04332,242.07449
0.0434,241.86512
0.0435,244.42114
0.04361,242.71975
0.04369,241.35884
0.04379,243.6852
0.04388,244.16922
0.04398,242.34963
0.04407,243.52478
0.04418,244.81771
0.04428,242.65196
0.04437,243.02087
0.04447,244.77274
0.04455,243.98705
0.04465,242.62724
0.04475,244.15133
0.04484,244.97933
0.04494,243.73684
0.04504,243.99075
0.04514,246.66641
0.04523,244.84471
0.04533,244.17607
0.04542,246.04503
0.04551,245.83547
0.04561,244.24607
0.04571,245.42326
0.0458,246.60066
0.04589,245.00618
0.04599,245.8375
0.04609,247.01761
0.04619,245.88681
0.04628,245.21758
0.04638,247.08838
0.04647,246.65008
0.04656,245.97837
0.04665,246.69481
0.04676,247.87577
0.04685,246.39536
0.04695,246.88333
0.04705,248.75551
0.04714,246.81489
0.04724,246.60732
0.04733,248.36442
0.04743,247.69461
0.04752,246.3311
0.04762,248.08867
0.04771,248.80602
0.04781,247.32659
0.04789,247.81036
0.048,249.80238
0.04809,248.66959
0.04819,247.76792
0.04829,249.17972
0.04838,249.31915
0.04848,247.83875
0.04857,248.67237
0.04867,249.96905
0.04876,248.37253
0.04885,248.27808
0.04894,251.19568
0.04905,249.6012
0.04914,248.35137
0.04924,249.64873
0.04932,250.48074
0.04943,249.00138
0.04952,249.95168
0.04962,251.48135
0.04971,249.42002
0.04981,250.37062
0.0499,251.90075
0.04999,250.53176
0.05009,250.2103
0.05019,251.62493
0.05028,251.06929
0.05038,249.12245
0.05046,251.46246
0.05056,252.52988
0.05066,250.23713
0.05076,250.84076
0.05085,252.71788
0.05095,251.58439
0.05104,251.1443
0.05114,252.4443
0.05123,252.12022
0.05132,250.8654
0.05142,252.39782
0.05151,253.23418
0.05161,251.51962
0.0517,252.46974
0.0518,253.77311
0.0519,252.75229
0.05199,252.07962
0.05208,253.61074
0.05217,252.93802
0.0523,252.96923
0.05238,253.45546
0.05246,254.40403
0.05255,252.91547
0.05266,253.75759
0.05275,255.17607
0.05285,253.3409
0.05294,253.01626
0.05303,255.01381
0.05313,254.2267
0.05323,253.08825
0.05331,254.50503
0.05342,255.22924
0.05351,253.85797
0.05361,254.57983
0.0537,256.34862
0.0538,254.1628
0.05388,254.30081
0.05399,256.88688
0.05408,255.28225
0.05418,254.02641
0.05427,255.9125
0.05437,255.93674
0.05446,254.4478
0.05455,255.51716
0.05465,257.05725
0.05474,255.21868
0.05484,255.1264
0.05493,257.36317
0.05502,256.10399
0.05512,254.84942
0.05521,256.96787
0.05531,257.22762
0.05541,255.62083
0.0555,256.92674
0.0556,258.58248
0.05569,255.80993
0.05578,256.06723
0.05587,257.83747
0.05596,257.39556
0.05607,256.48964
0.05617,258.38189
0.05626,256.88796
0.05635,256.56239
0.05645,258.10283
0.05654,258.71043
0.05664,256.86845
0.05673,257.47604
0.05682,259.1338
0.05692,258.10812
0.05701,257.19893
0.05711,259.55737
0.0572,258.76486
0.0573,257.27181
0.05738,258.92803
0.05749,260.00569
0.05757,257.45903
0.05766,258.76783
0.05777,259.72898
0.05786,258.70233
0.05796,258.02591
0.05805,259.80252
0.05815,259.24289
0.05824,257.98212
0.05833,260.22662
0.05843,260.36803
0.05852,258.52262
0.05861,259.24586
0.0587,261.3744
0.05883,260.35427
0.0589,258.38632
0.05898,260.51047
0.05908,260.53749
0.05919,259.2805
0.05929,261.17633
0.05936,261.07905
0.05946,259.4659
0.05956,261.24771
0.05965,261.85735
0.05975,260.00976
0.05983,260.73396
0.05994,262.51655
0.06003,261.13668
0.06013,260.34185
0.06022,262.35658
0.06031,262.2642
0.06041,260.53249
0.0605,261.96227
0.0606,262.80673
0.06069,261.1917
0.06079,261.33588
0.06087,263.11276
0.06097,261.73408
0.06107,260.93851
0.06115,263.42139
0.06126,263.09707
0.06134,261.1269
0.06144,263.14657
0.06153,263.52051
0.06162,261.55229
0.06173,262.86906
0.06181,263.71211
0.0619,263.15056
0.06201,262.82592
0.0621,264.61
0.0622,263.34454
0.06229,262.31346
0.06238,264.09798
0.06247,263.76831
0.06257,262.6221
0.06266,262.99884
0.06277,264.90393
0.06285,263.51776
0.06295,263.07295
0.06304,264.97608
0.06313,264.53131
0.06323,263.49933
0.06332,265.05072
0.06342,265.07559
0.0635,263.21869
0.0636,264.77295
0.0637,265.38519
0.06379,264.1177
0.06389,264.25998
0.06398,266.63501
0.06407,265.24975
0.06417,264.56942
0.06426,266.00477
0.06435,266.49994
0.06445,264.29116
0.06454,265.72687
0.06464,266.92768
0.06473,264.9535
0.06482,265.44878
0.06492,267.12037
0.065,265.84894
0.0651,265.40577
0.0652,266.96016
0.06529,266.5145
0.06539,265.24502
0.06548,266.9175
0.06556,267.64619
0.06567,266.02582
0.06576,266.87478
0.06586,268.19734
0.06595,266.57153
0.06604,266.36097
0.06613,268.03463
0.06623,267.58861
0.06632,265.72905
0.06641,267.63869
0.06651,268.3706
0.0666,266.51058
0.0667,267.36033
0.06679,268.68161
0.06688,267.41035
0.06698,267.55323
0.06707,269.34639
0.06717,268.3131
0.06726,266.33142
0.06735,269.53986
0.06744,269.09338
0.06754,267.58543
0.06763,268.55398
0.06772,269.87656
0.06782,268.13232
0.06791,268.86523
0.068,270.07021
0.0681,268.56148
0.06819,267.6425
0.06828,269.43779
0.06838,269.58098
0.06847,268.18966
0.06856,269.39523
0.06866,270.71908
0.06875,268.85517
0.06884,269.23452
0.06894,270.08633
0.06903,269.521
0.06912,269.1918
0.06922,270.63448
0.0693,270.42093
0.0694,268.32195
0.0695,270.71024
0.06959,270.97184
0.06968,269.5789
0.06978,270.31322
0.06987,271.7569
0.06996,270.1272
0.07006,270.03416
0.07015,272.42413
0.07024,271.14877
0.07034,269.87316
0.07043,271.31759
0.07051,272.05004
0.07062,269.94863
0.07071,270.92023
0.07081,272.72276
0.07091,270.61825
0.07099,270.28592
0.07108,272.91479
0.07118,272.11169
0.07127,270.95331
0.07136,272.28075
0.07146,272.66129
0.07156,271.26834
0.07164,271.76473
0.07173,272.61902
0.07183,271.1047
0.07192,271.36683
0.07201,273.9982
0.07211,272.95746
0.0722,271.20563
0.07229,272.77127
0.07239,273.38916
0.07248,272.11093
0.07257,272.01771
0.07266,273.82106
0.07276,272.77959
0.07286,272.21469
0.07294,274.72745
0.07304,273.21143
0.07312,272.52274
0.07322,274.80407
0.07332,273.88069
0.07341,271.88951
0.0735,274.16887
0.07359,274.55028
0.0737,273.15443
0.07379,272.70512
0.07387,275.33889
0.07397,273.70278
0.07406,273.37209
0.07416,275.29945
0.07424,274.84756
0.07435,272.97584
0.07444,274.66365
0.07452,274.09281
0.07462,272.93056
0.07471,274.38125
0.0748,276.18857
0.07489,274.31337
0.07499,274.1012
0.07508,275.90899
0.07517,274.9839
0.07527,273.70211
0.07536,275.51035
0.07545,276.13024
0.07554,274.49154
0.07564,275.46811
0.07573,276.80156
0.07583,275.28392
0.07592,275.19051
0.07602,276.28644
0.07611,275.24153
0.07619,274.78866
0.07628,276.36069
0.07639,276.62682
0.07648,274.51062
0.07657,275.84507
0.07666,276.93916
0.07676,275.063
0.07684,275.44303
0.07693,277.73038
0.07704,276.44905
0.07712,275.04329
0.07721,277.56937
0.07731,276.76401
0.0774,274.88148
0.07749,277.17002
0.07758,278.38688
0.07768,276.38995
0.07777,276.88954
0.07786,277.98755
0.07794,275.86573
0.07806,276.73315
0.07815,277.82889
0.07822,277.25346
0.07831,275.49097
0.07842,278.85975
0.07851,279.00218
0.0786,277.00085
0.0787,277.50604
0.07877,279.07698
0.07888,278.15115
0.07897,276.62613
0.07907,279.15952
0.07915,278.22827
0.07925,276.70281
0.07934,278.16035
0.07943,279.61814
0.07952,277.97303
0.07961,278.23743
0.07971,280.65062
0.0798,277.93066
0.07989,277.59813
0.07998,279.77311
0.08008,279.20184
0.08018,278.27474
0.08025,278.6536
0.08034,280.23218
0.08045,278.47125
0.08054,279.45017
0.08063,280.43183
0.08072,278.42627
0.08081,278.81047
0.08091,280.50945
0.081,279.57908
0.08109,278.64854
0.08118,281.06526
0.08129,280.73508
0.08137,278.60605
0.08147,280.54767
0.08155,280.92973
0.08164,279.52035
0.08175,279.6683
0.08183,281.60555
0.08192,280.79402
0.08201,279.50374
0.08211,281.44667
0.0822,281.11098
0.08229,279.4613
0.08238,280.56429
0.08247,281.42807
0.08257,280.13968
0.08266,280.1629
0.08275,282.7032
0.08284,281.17248
0.08293,280.83908
0.08303,282.06265
0.08312,281.48969
0.08321,280.07807
0.0833,282.02072
0.08339,282.04667
0.08349,280.15539
0.08357,281.37695
0.08367,282.72376
0.08376,281.19158
0.08385,281.09757
0.08395,283.04153
0.08405,281.63143
0.08413,280.93531
0.08423,282.64254
0.08431,282.78585
0.08441,280.89285
0.0845,282.11815
0.08459,283.46363
0.08468,281.45018
0.08477,282.31591
0.08486,283.18179
0.08496,282.60779
0.08505,281.19357
0.08514,283.85996
0.08523,282.8057
0.08532,281.3911
0.08543,283.10036
0.08551,283.96424
0.08559,282.90698
0.08569,282.69537
0.08578,285.12337
0.08587,282.86738
0.08597,282.17259
0.08606,284.84146
0.08616,283.78888
0.08624,282.37043
0.08633,284.55937
0.08643,284.46529
0.08652,282.68852
0.08661,283.67606
0.0867,285.50526
0.08679,283.84831
0.08689,283.51623
0.08698,284.86494
0.08707,284.04664
0.08716,282.62946
0.08725,284.82039
0.08734,285.68852
0.08743,283.18838
0.08752,285.37733
0.08762,285.76706
0.08771,284.10856
0.0878,284.25493
0.08789,285.60488
0.08798,284.78847
0.08808,283.49299
0.08817,286.40569
0.08827,286.07333
0.08835,284.04992
0.08844,285.64141
0.08854,286.1519
0.08862,284.36881
0.08872,285.36109
0.08881,286.58926
0.0889,284.9288
0.08899,285.07535
0.08908,287.02942
0.08917,285.60956
0.08926,284.79203
0.08937,286.38762
0.08945,286.53173
0.08955,284.99333
0.08964,286.46619
0.08972,287.21322
0.08982,285.55386
0.0899,286.05975
0.09001,287.53584
0.09009,286.23266
0.09018,285.77629
0.09028,287.61467
0.09036,287.27636
0.09046,285.13325
0.09054,286.96683
0.09064,287.59647
0.09073,286.17437
0.09082,287.40759
0.09091,288.15816
0.091,286.97716
0.09109,286.64114
0.09118,288.59935
0.09127,287.29729
0.09137,286.11577
0.09146,287.95367
0.09155,288.34234
0.09165,286.55914
0.09173,288.27414
0.09182,289.50874
0.09192,287.12095
0.092,287.14452
0.0921,288.98366
0.0922,287.8039
0.09228,287.46487
0.09237,288.82094
0.09246,288.48455
0.09255,287.30167
0.09264,289.38365
0.09273,289.28909
0.09283,287.74571
0.09292,288.49509
0.09301,289.00527
0.0931,288.06373
0.09322,287.12986
0.09327,290.4127
0.09338,288.8712
0.09346,287.44254
0.09354,290.37103
0.09365,289.31329
0.09374,287.40002
0.09383,289.48442
0.09392,289.99511
0.09401,288.44728
0.09411,288.71838
0.09419,291.04324
0.09429,289.13432
0.09437,289.27914
0.09446,290.63811
0.09456,289.57411
0.09466,288.14901
0.09475,290.23535
0.09484,290.38295
0.09493,288.34886
0.09502,290.19333
0.09511,290.70463
0.09519,288.30367
0.09529,289.7875
0.09538,291.39024
0.09547,290.32528
0.09556,289.25749
0.09565,291.46705
0.09575,290.76836
0.09583,289.21504
0.09592,290.93989
0.09601,291.33033
0.0961,289.65792
0.0962,290.90047
0.09629,292.38335
0.09638,290.22502
0.09645,289.88193
0.09655,293.55298
0.09666,290.79239
0.09674,289.72068
0.09683,292.05427
0.09693,292.08343
0.09702,290.53097
0.0971,292.01233
0.09721,293.01599
0.09729,290.24559
0.09737,290.3908
0.09747,292.60704
0.09756,291.41832
0.09765,290.71554
0.09774,292.80821
0.09783,291.8623
0.09792,290.42993
0.09802,292.64472
0.09811,293.03602
0.0982,290.87374
0.09829,291.99463
0.09838,293.48059
0.09847,290.95284
0.09856,291.95238
0.09865,293.8037
0.09874,292.3703
0.09883,291.78839
0.09891,293.27245
0.099,293.17732
0.0991,291.38083
0.09918,292.74354
0.09928,293.86565
0.09937,291.82524
0.09947,292.21693
0.09956,294.19168
0.09964,292.2672
0.09973,292.17186
0.09982,294.63431
0.09991,293.32105
0.10001,291.64472
0.1001,293.49862
0.10019,294.01256
0.10027,291.84311
0.10037,293.57829
0.10046,294.9455
0.10055,292.90006
0.10064,293.53605
0.10073,295.14744
0.10082,293.22337
0.1009,292.14984
0.10099,295.22483
0.10109,295.13223
0.10117,293.08283
0.10127,294.57303
0.10136,295.45623
0.10145,293.28694
0.10155,293.80148
0.10164,295.41431
0.10173,293.6105
0.10182,293.39294
0.10191,295.25026
0.102,294.42246
0.10209,293.47243
0.10217,295.44967
0.10227,295.35691
0.10236,292.81927
0.10245,294.79964
0.10253,295.31211
0.10262,293.87306
0.10272,294.75731
0.1028,295.88073
0.10289,294.68567
0.10299,294.47055
0.10307,296.5718
0.10317,294.8903
0.10326,294.55024
0.10335,296.04358
0.10344,295.70355
0.10353,293.65191
0.10362,295.63462
0.10371,296.63947
0.1038,294.95421
0.10389,294.7362
0.10397,296.96164
0.10407,295.64556
0.10416,294.8159
0.10424,296.18555
0.10433,296.45693
0.10442,294.28112
0.10451,296.63272
0.1046,297.51613
0.1047,295.70966
0.10479,295.49148
0.10487,298.08619
0.10496,295.7869
0.10506,295.32643
0.10515,297.18979
0.10523,296.60156
0.10533,294.9163
0.10542,297.27005
0.1055,297.66161
0.1056,295.36345
0.10569,296.98275
0.10578,297.74464
0.10587,296.30095
0.10595,296.32494
0.10605,298.56037
0.10613,296.62339
0.10623,295.4269
0.10632,297.66017
0.10641,297.44172
0.10649,295.87178
0.10659,297.37257
0.10668,298.38042
0.10677,296.81279
0.10686,297.20744
0.10695,298.82889
0.10704,297.38354
0.10713,296.30602
0.10722,299.40026
0.10731,298.44543
0.1074,296.63133
0.10749,298.37631
0.10757,298.64592
0.10767,297.07954
0.10776,297.84284
0.10784,298.84916
0.10793,297.1569
0.10803,297.55466
0.10812,299.66922
0.10821,298.2222
0.10829,297.2636
0.10839,299.74991
0.10848,299.40823
0.10857,296.85481
0.10865,298.84487
0.10874,299.9777
0.10884,297.54923
0.10893,297.94466
0.10901,300.30427
0.10911,299.10452
0.1092,297.77892
0.10928,299.77027
0.10937,299.1823
0.10946,297.73336
0.10954,298.98995
0.10963,299.75476
0.10973,298.30815
0.10982,299.19605
0.10991,301.06839
0.10999,298.26262
0.11008,298.65851
0.11017,300.16207
0.11027,299.82241
0.11036,298.0029
0.11045,300.36852
0.11054,300.51853
0.11063,298.45233
0.11072,301.06488
0.1108,301.58172
0.1109,299.27143
0.11099,299.79089
0.11108,300.92633
0.11117,299.35179
0.11126,298.88577
0.11134,300.758
0.11143,300.17148
0.11152,298.96599
0.1116,301.08521
0.11169,301.35865
0.11178,299.29007
0.11188,300.30574
0.11197,301.4422
0.11205,299.12377
0.11214,300.13699
0.11224,302.13966
0.11233,300.44
0.11242,299.35675
0.11251,301.6039
0.11259,301.38143
0.11269,299.93052
0.11277,301.43798
0.11286,301.95851
0.11294,298.65073
0.11303,300.28187
0.11316,302.6647
0.1132,300.33282
0.11331,300.1181
0.11339,302.9819
0.11349,302.88818
0.11357,300.56627
0.11366,302.07507
0.11375,302.34905
0.11385,300.4024
0.11394,301.91159
0.11402,302.30916
0.11411,300.60369
0.1142,301.12745
0.11429,303.13153
0.11437,302.41435
0.11447,301.33164
0.11454,302.83642
0.11468,303.61867
0.11472,300.54149
0.11483,302.05735
0.1149,303.43905
0.115,302.23217
0.11509,302.87748
0.11518,303.89667
0.11526,302.31299
0.11535,300.73174
0.11544,303.60405
0.11553,303.25992
0.11563,301.80474
0.11572,303.56416
0.11581,303.96249
0.11589,302.13025
0.11598,303.02365
0.11607,304.65997
0.11616,302.58509
0.11624,302.3617
0.11634,304.49641
0.11643,303.16127
0.11651,301.45165
0.1166,304.45115
0.11669,303.98276
0.11679,301.65871
0.11688,303.79177
0.11696,305.30296
0.11704,302.1083
0.11714,303.25321
0.11723,304.02382
0.11731,303.30446
0.1174,302.58767
0.11749,305.46593
0.11759,304.50393
0.11768,302.05111
0.11776,304.18336
0.11785,304.83318
0.11794,302.99986
0.11803,303.39891
0.11811,304.91176
0.11821,303.82501
0.1183,302.98351
0.11838,305.2412
0.11847,304.39967
0.11856,303.30978
0.11865,304.8288
0.11873,305.22554
0.11883,303.02088
0.11891,304.41072
0.119,306.17597
0.1191,303.34994
0.11918,303.37417
0.11927,306.13333
0.11936,305.41528
0.11945,304.20295
0.11954,305.72065
0.11963,305.25083
0.11971,303.66
0.11981,304.6837
0.1199,305.95343
0.11999,304.11635
0.12007,303.89474
0.12016,306.65637
0.12024,305.18908
0.12033,304.34587
0.12042,305.98922
0.12052,306.1434
0.1206,304.55118
0.12069,306.07331
0.12077,306.22211
0.12087,304.63487
0.12096,304.91067
0.12105,307.42596
0.12114,305.4624
0.12123,305.24059
0.12131,307.38322
0.1214,306.6637
0.12149,304.5749
0.12157,305.595
0.12167,306.62069
0.12176,305.15382
0.12184,305.67618
0.12193,306.57491
0.12201,305.60577
0.1221,305.50828
0.1222,307.28182
0.12228,306.43433
0.12238,304.59547
0.12246,306.86232
0.12255,307.13867
0.12263,305.91974
0.12273,306.07413
0.12282,307.84608
0.1229,306.12556
0.12299,305.52936
0.12308,308.29903
0.12317,306.58352
0.12326,305.36374
0.12335,307.51063
0.12344,307.66253
0.12352,305.81619
0.12361,307.46745
0.12369,308.73934
0.12377,306.76784
0.12387,307.17195
0.12397,308.69913
0.12406,307.7281
0.12414,305.75849
0.12422,307.53012
0.12431,308.30621
0.1244,306.58579
0.1245,307.98885
0.12459,308.89003
0.12467,306.41728
0.12475,307.44334
0.12484,309.59354
0.12494,307.75012
0.12502,307.02512
0.12511,309.05092
0.1252,308.32861
0.12529,306.98417
0.12537,308.25807
0.12547,310.28742
0.12555,307.18768
0.12565,308.09239
0.12572,309.74181
0.12581,307.894
0.12591,307.29877
0.126,308.95127
0.12609,308.85346
0.12617,306.75208
0.12626,308.40766
0.12634,310.4333
0.12644,307.33625
0.12653,307.61353
0.12661,309.76474
0.12669,307.79015
0.12679,308.19536
0.12687,309.09578
0.12696,309.37331
0.12705,307.77345
0.12714,308.67948
0.12722,310.33134
0.12732,308.60865
0.1274,308.3827
0.1275,310.0404
0.12757,308.56222
0.12766,307.71271
0.12775,309.24279
0.12784,309.89632
0.12794,308.17249
0.12801,309.07387
0.12811,310.73263
0.12819,309.00296
0.12829,309.15817
0.12838,310.56398
0.12846,309.58858
0.12854,308.35959
0.12863,310.14175
0.12872,310.67051
0.12881,308.19017
0.12889,309.5966
0.12898,311.25407
0.12907,309.4002
0.12917,309.05383
0.12925,311.58702
0.12933,310.48537
0.12943,309.13531
0.12951,311.16728
0.1296,310.69269
0.12969,308.9658
0.12977,310.37077
0.12986,311.27663
0.12995,309.92318
0.13004,309.57379
0.13013,311.86357
0.13021,310.63263
0.1303,309.02749
0.1304,311.56897
0.13048,311.84477
0.13057,309.7396
0.13065,310.64337
0.13075,312.68337
0.13084,310.57497
0.13092,309.72269
0.131,312.2603
0.13109,311.53368
0.13117,309.79877
0.13126,311.96267
0.13135,311.99276
0.13144,309.883
0.13153,310.53879
0.13162,312.70626
0.1317,311.09623
0.13179,310.11744
0.13188,312.78576
0.13197,311.93272
0.13206,310.20171
0.13215,312.24173
0.13223,312.14054
0.13231,310.78111
0.1324,310.18188
0.13249,313.85857
0.1326,312.12954
0.13267,310.38927
0.13275,312.93402
0.13284,312.83553
0.13294,311.35484
0.13302,312.63849
0.13311,313.16955
0.13319,311.0561
0.13329,312.21956
0.13338,313.75836
0.13346,312.27421
0.13354,310.40914
0.13364,314.21871
0.13373,312.60819
0.13381,310.86865
0.1339,312.78891
0.13398,313.44369
0.13407,311.58045
0.13416,312.2407
0.13424,314.4084
0.13433,312.1665
0.13442,312.57206
0.13451,313.98922
0.1346,313.13389
0.13468,311.26671
0.13478,313.56703
0.13486,313.72058
0.13494,311.60063
0.13504,312.51374
0.13512,315.31419
0.1352,313.07037
0.13529,312.71912
0.13538,314.76578
0.13547,313.15515
0.13555,311.79121
0.13564,313.33335
0.13574,314.49973
0.13582,312.50694
0.1359,312.40522
0.136,315.46612
0.13608,312.83866
0.13616,312.99227
0.13625,314.28278
0.13635,314.06028
0.13643,312.18982
0.13651,313.85964
0.13661,314.52159
0.13669,312.65066
0.13677,314.06817
0.13687,315.36228
0.13696,313.87288
0.13705,313.14173
0.13713,315.57122
0.13722,315.09296
0.13731,313.22364
0.13739,314.64205
0.13748,315.0489
0.13757,313.30555
0.13765,314.2156
0.13774,315.6373
0.13783,314.14658
0.13792,313.66783
0.138,315.59052
0.13809,315.2411
0.13818,313.37011
0.13827,315.04287
0.13835,316.20957
0.13844,313.45199
0.13852,313.98298
0.1386,316.92251
0.13869,314.79742
0.13879,313.6878
0.13887,316.24813
0.13895,315.25962
0.13904,313.38697
0.13914,316.20402
0.13921,315.97539
0.1393,314.48242
0.1394,315.1461
0.13947,316.1846
0.13957,314.56724
0.13966,314.46784
0.13974,316.52338
0.13982,315.66075
0.13991,313.91324
0.14,315.58885
0.14008,316.25031
0.14017,314.37557
0.14027,315.16659
0.14034,317.34748
0.14044,315.72877
0.14053,315.1219
0.14061,317.3061
0.1407,316.06485
0.14078,314.18617
0.14087,316.62463
0.14096,317.16255
0.14105,314.77848
0.14113,315.69164
0.14122,317.87993
0.1413,315.23864
0.1414,315.52269
0.14148,317.45481
0.14157,316.72041
0.14165,314.96711
0.14173,317.91576
0.14183,317.31098
0.14192,314.5437
0.14199,316.47397
0.14209,318.283
0.14218,316.27749
0.14226,315.92369
0.14235,317.60329
0.14244,316.2327
0.14251,315.4947
0.1426,317.55605
0.14269,317.96499
0.14278,315.83381
0.14287,317.00562
0.14296,318.6863
0.14304,316.55185
0.14312,316.44936
0.14321,318.6392
0.1433,317.52466
0.14338,315.51384
0.14347,318.2131
0.14355,317.98618
0.14365,316.48939
0.14374,317.78949
0.14381,318.95977
0.1439,316.56889
0.144,317.49016
0.14408,318.91809
0.14416,317.79704
0.14426,316.42662
0.14433,318.48879
0.14442,318.26164
0.14451,316.37869
0.14459,318.57149
0.14469,318.8566
0.14477,316.84303
0.14485,317.63491
0.14494,319.57372
0.14503,317.8173
0.14512,316.5731
0.14521,319.02214
0.14529,318.41239
0.14537,316.90745
0.14547,319.2324
0.14555,320.28
0.14563,317.11717
0.14573,318.55007
0.14581,319.59787
0.1459,318.22251
0.14597,317.35164
0.14606,319.42285
0.14615,319.32287
0.14624,317.43666
0.14632,319.50565
0.14642,320.04646
0.1465,318.02941
0.14659,319.33595
0.14668,320.25703
0.14675,318.62243
0.14684,318.01163
0.14694,320.34
0.14701,319.21572
0.14711,317.58595
0.14719,319.14313
0.14727,320.7033
0.14736,317.79318
0.14745,319.10078
0.14754,320.5336
0.14763,318.64479
0.1477,318.41398
0.1478,320.361
0.14788,319.74688
0.14796,318.11297
0.14806,320.31608
0.14814,320.85503
0.14822,318.70664
0.14832,319.75969
0.14839,320.42381
0.14849,318.9197
0.14858,318.94719
0.14865,320.37879
0.14875,320.15334
0.14883,318.13423
0.14891,319.94991
0.14901,320.74788
0.14909,318.85623
0.14918,320.54722
0.14926,321.34268
0.14934,318.80791
0.14943,318.57938
0.14952,321.42571
0.14961,320.55727
0.1497,318.92049
0.14977,321.12187
0.14987,321.28033
0.14995,318.8748
0.15003,320.43637
0.15012,322.64136
0.15021,319.59762
0.1503,319.1127
0.15037,321.4435
0.15047,320.57702
0.15055,318.93605
0.15064,321.14478
0.15072,322.06677
0.15081,320.55641
0.15091,320.46131
0.15097,322.27529
0.15108,320.77284
0.15116,319.00263
0.15123,322.48665
0.15133,321.75049
0.1514,319.59241
0.15149,322.18781
0.15158,322.72858
0.15167,319.68031
0.15175,321.11625
0.15185,323.32778
0.15192,320.78649
0.15202,320.04684
0.1521,322.25607
0.15218,321.76759
0.15227,319.87259
0.15235,321.69449
0.15245,322.75193
0.15253,320.21179
0.15261,321.26375
0.1527,323.0919
0.15278,321.19048
0.15287,320.70431
0.15296,322.40441
0.15305,322.17516
0.15313,320.27575
0.15321,321.84225
0.1533,323.54024
0.15338,321.51196
0.15347,321.66806
0.15355,323.49498
0.15364,322.10884
0.15372,320.97955
0.15382,323.19532
0.1539,322.57742
0.15398,321.31928
0.15408,322.6355
0.15415,323.9464
0.15425,322.04774
0.15433,321.3036
0.15441,323.77243
0.1545,322.25919
0.15458,320.74017
0.15467,322.82633
0.15475,322.98266
0.15484,320.9513
0.15492,322.65189
0.15502,323.84071
0.1551,321.93483
0.15518,322.21986
0.15527,323.79239
0.15535,323.04758
0.15544,320.24237
0.15552,323.87556
0.15561,323.38813
0.1557,321.61536
0.15578,322.92824
0.15587,324.24687
0.15596,323.11511
0.15605,322.36968
0.15612,324.32732
0.15621,323.32414
0.1563,321.55028
0.15638,323.63723
0.15647,324.18328
0.15655,322.27458
0.15664,322.94674
0.15673,325.16898
0.15682,323.5205
0.1569,322.51652
0.15699,324.34961
0.15706,324.11661
0.15716,322.21226
0.15723,323.78502
0.15732,324.58674
0.15741,323.06623
0.1575,323.22563
0.15758,325.57602
0.15766,323.40715
0.15776,323.05034
0.15783,324.88222
0.15792,324.52271
0.15801,322.22942
0.15809,324.0617
0.15817,325.25144
0.15826,322.6966
0.15835,324.66403
0.15843,326.2388
0.15852,323.94171
0.1586,323.32348
0.15869,325.41804
0.15877,325.05821
0.15886,322.88942
0.15894,324.20915
0.15903,325.65833
0.15911,323.48902
0.15921,323.90713
0.15928,326.6465
0.15937,324.47671
0.15945,323.34081
0.15954,325.56641
0.15962,325.33555
0.15971,322.77693
0.15979,324.8737
0.15988,325.93611
0.15997,323.76493
0.16006,324.57145
0.16014,326.53972
0.16021,325.26815
0.16031,324.00468
0.16039,325.71456
0.16048,326.00114
0.16056,324.21691
0.16065,325.40948
0.16074,326.34612
0.16083,324.56144
0.1609,323.80948
0.16099,326.68567
0.16107,325.41854
0.16117,323.89494
0.16124,325.86249
0.16133,326.40833
0.16141,325.01119
0.1615,325.94569
0.16159,326.49444
0.16167,324.83502
0.16175,324.60349
0.16184,327.22297
0.16192,326.60278
0.16202,324.30024
0.1621,326.66111
0.16218,326.81575
0.16227,324.64228
0.16235,325.57473
0.16243,326.76944
0.16252,326.14882
0.16261,324.3636
0.16269,327.24189
0.16277,326.62113
0.16287,324.83549
0.16295,326.03073
0.16303,328.00187
0.16312,325.43733
0.1632,325.59198
0.16328,327.82591
0.16338,326.16923
0.16346,324.50948
0.16354,326.74111
0.16362,327.54781
0.16371,326.14743
0.16379,327.21389
0.16388,328.02081
0.16396,326.36036
0.16405,325.73866
0.16414,327.71745
0.16423,327.09575
0.1643,325.17204
0.16439,327.40833
0.16447,328.47559
0.16456,326.29438
0.16464,326.58197
0.16473,329.21182
0.16481,327.41724
0.1649,325.62515
0.16498,328.25278
0.16507,328.54343
0.16516,325.9708
0.16523,326.25574
0.16532,328.8843
0.1654,326.83127
0.16549,326.20864
0.16557,328.83785
0.16566,328.08518
0.16574,326.55177
0.16583,328.14078
0.16591,329.07943
0.166,327.15531
0.16608,326.40216
0.16617,328.90275
0.16626,328.15239
0.16634,326.74821
0.16643,328.07778
0.16651,328.62636
0.1666,326.44058
0.16668,327.51
0.16677,329.10052
0.16685,327.4352
0.16694,326.81163
0.16702,328.92356
0.16711,328.43028
0.16719,326.63402
0.16727,329.13457
0.16736,329.42582
0.16744,327.23545
0.16753,327.39623
0.16761,329.50663
0.16769,328.49167
0.16777,327.47653
0.16787,329.20188
0.16795,328.83855
0.16803,327.038
0.16811,327.97851
0.16821,329.96532
0.16829,327.38457
0.16837,327.53991
0.16847,329.79086
0.16854,329.03315
0.16861,326.70686
0.16871,329.08875
0.1688,330.42153
0.16887,328.22801
0.16896,327.3421
0.16904,330.76353
0.16913,329.09721
0.16922,327.81946
0.1693,329.80282
0.16938,330.87526
0.16947,327.77191
0.16955,328.05801
0.16964,330.57003
0.16973,328.63863
0.16979,327.74642
0.16988,329.34175
0.16998,329.50575
0.17006,327.70426
0.17014,329.03588
0.17022,331.41595
0.17032,329.22486
0.17039,328.59632
0.17049,330.45686
0.17056,330.35121
0.17065,328.02575
0.17073,330.01467
0.17081,330.6963
0.17091,329.28845
0.17099,329.05464
0.17107,331.82629
0.17116,329.89495
0.17124,328.35293
0.17133,330.34303
0.17141,329.97835
0.1715,328.30508
0.17157,328.72256
0.17166,331.37048
0.17175,329.95866
0.17183,328.6775
0.17191,330.9278
0.17199,330.17017
0.17208,328.62684
0.17216,330.22576
0.17225,331.56306
0.17233,328.57888
0.17241,329.2614
0.1725,331.90875
0.17259,330.36754
0.17268,328.95429
0.17276,331.20924
0.17284,331.23711
0.17293,329.43044
0.173,329.84852
0.17309,331.31792
0.17317,330.16615
0.17326,329.4102
0.17335,331.4043
0.17342,331.16718
0.17352,329.23107
0.1736,330.9634
0.17368,332.43373
0.17377,330.3633
0.17385,330.12874
0.17393,331.85892
0.17402,330.84014
0.1741,329.68721
0.17418,331.54897
0.17427,332.10447
0.17436,329.77031
0.17443,331.1076
0.17452,333.1069
0.1746,330.76944
0.17468,330.00961
0.17478,332.00931
0.17485,331.77181
0.17494,330.61795
0.17503,331.69899
0.17511,332.38346
0.1752,330.30999
0.17527,330.46628
0.17536,333.78074
0.17545,331.70685
0.17553,330.9464
0.17561,332.02251
0.1757,332.71016
0.17578,330.24122
0.17587,331.32031
0.17595,333.18819
0.17604,331.90168
0.17611,330.74362
0.1762,333.40349
0.17629,332.51109
0.17636,331.0898
0.17645,333.09285
0.17654,333.64682
0.17661,331.30459
0.17671,331.46667
0.17678,333.33329
0.17687,332.44312
0.17696,330.49746
0.17703,333.41708
0.17712,333.31343
0.17721,331.10693
0.17729,331.66111
0.17737,333.39719
0.17746,331.71667
0.17754,331.21787
0.17762,333.3493
0.1777,332.58722
0.17779,330.90603
0.17787,333.30134
0.17795,333.46094
0.17805,331.91111
0.17813,332.33405
0.1782,333.6764
0.17829,333.04561
0.17838,331.09994
0.17846,333.23589
0.17854,333.91986
0.17862,331.18027
0.17871,332.65775
0.17879,334.53089
0.17887,332.84521
0.17897,332.48033
0.17904,333.95561
0.17912,333.71983
0.17922,331.64067
0.1793,332.72341
0.17938,334.07009
0.17947,332.11954
0.17955,331.61966
0.17963,334.54682
0.17971,333.78319
0.1798,332.3625
0.17989,334.89738
0.17996,334.65863
0.18005,333.10568
0.18013,332.86675
0.18021,334.34651
0.1803,333.45316
0.18039,332.68889
0.18047,334.43306
0.18054,333.93003
0.18063,332.50534
0.18071,334.38197
0.1808,334.8061
0.18088,333.24903
0.18097,332.48704
0.18105,335.68257
0.18114,333.86372
0.18122,332.57028
0.1813,335.10869
0.18139,334.74019
0.18146,332.51858
0.18155,333.87082
0.18163,335.3499
0.18171,333.92372
0.1818,333.68994
0.18188,335.16936
0.18196,334.66839
0.18205,333.24167
0.18214,334.72698
0.18221,335.14887
0.1823,333.72182
0.18238,333.74963
0.18246,336.42331
0.18255,333.54064
0.18263,333.83306
0.18272,335.45159
0.1828,335.08251
0.18289,333.12517
0.18296,333.9443
0.18305,335.16345
0.18314,334.00271
0.18321,333.76295
0.1833,336.17681
0.18339,335.01305
0.18346,333.31661
0.18355,334.80116
0.18363,335.22637
0.18372,333.53508
0.1838,334.75229
0.18389,336.63769
0.18397,334.67829
0.18405,332.98081
0.18413,336.71891
0.18422,335.82204
0.1843,333.72937
0.18438,335.34492
0.18447,336.83375
0.18454,333.94243
0.18463,333.43988
0.18472,336.38741
0.1848,335.35454
0.18488,333.65843
0.18496,336.73376
0.18504,336.36384
0.18513,334.00415
0.18522,335.75925
0.18529,336.97837
0.18538,334.35278
0.18547,334.25064
0.18555,337.19787
0.18562,335.49781
0.18572,333.67032
0.1858,336.22001
0.18587,336.51063
0.18596,335.47652
0.18606,335.37718
0.18613,336.86282
0.18621,335.69287
0.1863,334.79391
0.18638,337.21234
0.18646,336.04491
0.18654,334.0775
0.18663,336.10068
0.1867,336.92292
0.18679,335.35647
0.18688,335.51995
0.18696,337.00958
0.18704,336.50313
0.18713,335.20471
0.18721,337.09344
0.18728,336.98566
0.18738,335.02222
0.18746,335.58183
0.18754,338.00306
0.18762,335.76766
0.1877,335.66251
0.18779,338.08712
0.18786,337.44729
0.18796,335.74876
0.18803,336.57199
0.18812,338.33225
0.1882,334.50167
0.18829,335.06164
0.18836,338.67969
0.18845,336.58113
0.18853,335.14214
0.18859,337.82649
0.18869,338.39254
0.18878,335.35854
0.18886,336.85087
0.18895,338.4794
0.18902,336.64032
0.18912,335.3392
0.18919,337.76154
0.18927,337.25671
0.18936,335.95253
0.18945,338.24786
0.18953,338.14262
0.18961,336.57168
0.18969,336.33302
0.18977,339.02333
0.18986,337.32159
0.18994,335.2169
0.19002,337.64119
0.1901,338.20235
0.19018,336.09721
0.19027,337.46109
0.19035,338.68627
0.19044,336.85012
0.19051,336.47509
0.1906,338.63968
0.19068,337.59779
0.19076,336.29173
0.19085,337.78979
0.19093,338.08174
0.19102,336.64474
0.1911,336.40566
0.19117,338.8328
0.19126,337.92655
0.19134,336.88667
0.19143,338.78607
0.19151,338.94754
0.1916,336.5724
0.19167,338.0661
0.19176,339.29856
0.19184,336.92284
0.19192,336.81432
0.19201,339.38259
0.19208,338.20565
0.19216,336.2298
0.19225,338.39506
0.19234,340.29627
0.19241,337.24836
0.1925,337.14533
0.19259,338.91046
0.19266,338.13372
0.19275,337.22876
0.19283,339.26167
0.19292,338.88859
0.193,337.04481
0.19308,337.87483
0.19315,340.4405
0.19325,337.93054
0.19333,337.2897
0.1934,339.9897
0.19348,338.14508
0.19357,337.37032
0.19365,339.40485
0.19374,339.43561
0.19382,337.4565
0.1939,337.4843
0.19399,340.18864
0.19407,338.34293
0.19415,337.5677
0.19423,339.87112
0.19432,339.63137
0.19439,336.84503
0.19447,338.74726
0.19455,340.38198
0.19465,338.27016
0.19473,337.89622
0.19481,340.73672
0.19488,338.6188
0.19497,337.44104
0.19506,339.74908
0.19514,340.31296
0.19521,337.79232
0.1953,338.75813
0.19538,340.7962
0.19547,339.0847
0.19555,338.30837
0.19563,341.15119
0.19571,339.83586
0.1958,337.98963
0.19588,339.4923
0.19595,340.32196
0.19604,338.47252
0.19613,339.03958
0.1962,341.21063
0.19628,339.62906
0.19637,338.05
0.19645,340.48982
0.19653,340.9203
0.19661,338.53309
0.1967,339.7714
0.19677,340.73593
0.19687,338.61931
0.19695,338.37867
0.19703,340.68845
0.19711,340.17944
0.19719,337.92223
0.19727,340.63532
0.19736,341.47175
0.19743,338.94549
0.19751,339.51051
0.1976,341.28442
0.19769,340.50929
0.19775,338.51667
0.19785,341.10256
0.19792,340.99339
0.19801,338.46841
0.1981,340.38025
0.19817,341.48049
0.19825,340.0301
0.19833,339.92358
0.19842,342.105
0.1985,340.51706
0.19858,338.79722
0.19866,341.64854
0.19874,341.27315
0.19883,339.28677
0.19892,340.256
0.19899,341.89508
0.19908,340.31177
0.19915,339.39523
0.19924,341.98194
0.19933,341.47179
0.1994,339.20955
0.19949,340.98948
0.19957,341.42114
0.19965,339.29292
0.19973,339.9937
0.19981,342.04067
0.19989,341.26096
0.19997,339.80797
0.20006,341.99286
0.20014,341.47944
0.20023,340.16354
0.20031,340.19139
0.20038,341.96736
0.20046,340.91778
0.20055,340.54434
0.20064,342.32356
0.20071,341.80985
0.20079,340.62515
0.20087,341.59628
0.20096,342.70513
0.20104,339.76533
0.20112,340.60183
0.2012,342.65162
0.20128,341.8708
0.20136,339.60685
0.20145,342.3312
0.20154,342.22714
0.20161,340.90381
0.20169,341.87571
0.20178,343.39007
0.20185,341.39206
0.20194,340.47847
0.20203,342.93463
0.20211,342.01822
0.20219,340.29208
0.20227,342.07411
0.20235,343.72147
0.20243,341.58735
0.20251,341.21034
0.20259,343.6679
0.20267,341.94104
0.20275,340.75391
0.20283,343.74929
0.20292,343.37508
0.203,341.24249
0.20308,342.35074
0.20317,344.00222
0.20325,341.73406
0.20332,340.94866
0.20341,344.08645
0.20349,342.76067
0.20357,340.7619
0.20365,342.54635
0.20374,343.38792
0.20382,340.71293
0.2039,341.00826
0.20398,344.00983
0.20406,342.01015
0.20414,341.49727
0.20423,343.55597
0.2043,342.90511
0.20438,341.31035
0.20447,342.69333
0.20456,343.66801
0.20463,341.52907
0.20471,341.55691
0.20478,344.6934
0.20487,343.10078
0.20496,341.10197
0.20504,343.83326
0.20513,344.40538
0.20521,341.45601
0.20528,342.56382
0.20536,344.21602
0.20545,342.62241
0.20553,341.29371
0.20561,344.70629
0.20568,343.51293
0.20578,342.05693
0.20586,343.70988
0.20594,344.95679
0.20602,342.68225
0.2061,342.98106
0.20618,344.76727
0.20627,343.44332
0.20635,342.11635
0.20643,343.90571
0.20651,343.93369
0.20658,342.19706
0.20666,342.90257
0.20675,344.96364
0.20683,343.0939
0.2069,342.57674
0.2064,347.8268
0.2071,348.4741
